target_id,target_level,centroid_x,centroid_y,representative_x,representative_y,area,diameter_m,total_score,peak_score,network_criticality,removal_impact,period_persistence,parameter_stability,stable_cell_fraction,supporting_periods,cell_count,evidence_status,recommendation_reason,limitations,geometry_wkt
T001,不稳定候选,15439612.33,5112857.6325,15442612.33,5111357.6325,54000000.0,6708.203932499369,0.4789502917909561,0.5933601657987692,0.7612865479741605,0.0,0.5,0.5833333333333334,0.16666666666666666,印支燕山期|海西期,6,internal_partial,"由6个高值网格组成；支持时期为印支燕山期|海西期；参数稳定率0.58；最高分代表点(15442612, 5111358)。",['尚未接入井位、储层或专家盲评外部证据'],"POLYGON ((15443475.39 5109890.548, 15440475.39 5109890.548, 15437475.39 5109890.548, 15434475.39 5109890.548, 15434475.39 5112890.548, 15434475.39 5115890.548, 15437475.39 5115890.548, 15440475.39 5115890.548, 15443475.39 5115890.548, 15443475.39 5112890.548, 15443475.39 5109890.548))"
T002,一级,15441612.33,5091357.6325,15442612.33,5090357.6325,27000000.0,4242.640687119285,0.5332391142534804,0.5811893338028123,0.809254612152801,0.0,0.5,0.8333333333333334,0.6666666666666666,印支燕山期|海西期,3,internal_supported,"由3个高值网格组成；支持时期为印支燕山期|海西期；参数稳定率0.83；最高分代表点(15442612, 5090358)。",['尚未接入井位、储层或专家盲评外部证据'],"POLYGON ((15440475.39 5091890.548, 15440475.39 5094890.548, 15443475.39 5094890.548, 15443475.39 5091890.548, 15443475.39 5088890.548, 15440475.39 5088890.548, 15437475.39 5088890.548, 15437475.39 5091890.548, 15440475.39 5091890.548))"
T003,一级,15422212.330000002,5090957.6325,15424612.33,5090357.6325,45000000.0,9486.832980505138,0.525313392090076,0.6003808103025106,0.8008954059716459,0.0,0.5,0.8,0.6,印支燕山期|海西期,5,internal_supported,"由5个高值网格组成；支持时期为印支燕山期|海西期；参数稳定率0.80；最高分代表点(15424612, 5090358)。",['尚未接入井位、储层或专家盲评外部证据'],"POLYGON ((15422475.39 5091890.548, 15425475.39 5091890.548, 15428475.39 5091890.548, 15428475.39 5088890.548, 15425475.39 5088890.548, 15422475.39 5088890.548, 15419475.39 5088890.548, 15416475.39 5088890.548, 15416475.39 5091890.548, 15416475.39 5094890.548, 15419475.39 5094890.548, 15419475.39 5091890.548, 15422475.39 5091890.548))"
T004,不稳定候选,15396038.104999999,5075384.432499999,15401438.105,5072384.4325,90000000.0,13416.407864998739,0.44327017025057786,0.45396466384772716,0.6950576292873653,0.0,0.5,0.5,0.0,喜山期|海西期,10,internal_partial,"由10个高值网格组成；支持时期为喜山期|海西期；参数稳定率0.50；最高分代表点(15401438, 5072384)。",['尚未接入井位、储层或专家盲评外部证据'],"POLYGON ((15403126.94 5070944.148, 15400126.94 5070944.148, 15397126.94 5070944.148, 15394126.94 5070944.148, 15394126.94 5073944.148, 15391126.94 5073944.148, 15391126.94 5076944.148, 15388126.94 5076944.148, 15388126.94 5079944.148, 15391126.94 5079944.148, 15394126.94 5079944.148, 15397126.94 5079944.148, 15397126.94 5076944.148, 15400126.94 5076944.148, 15403126.94 5076944.148, 15403126.94 5073944.148, 15403126.94 5070944.148))"
T005,不稳定候选,15402938.105000002,5063384.4325,15404438.105,5060384.4325,54000000.0,6708.203932499369,0.45037115935736355,0.4809470980521601,0.7153461695924671,0.0,0.5,0.5,0.0,喜山期|海西期,6,internal_partial,"由6个高值网格组成；支持时期为喜山期|海西期；参数稳定率0.50；最高分代表点(15404438, 5060384)。",['尚未接入井位、储层或专家盲评外部证据'],"POLYGON ((15400126.94 5061944.148, 15400126.94 5064944.148, 15400126.94 5067944.148, 15403126.94 5067944.148, 15406126.94 5067944.148, 15406126.94 5064944.148, 15406126.94 5061944.148, 15406126.94 5058944.148, 15403126.94 5058944.148, 15400126.94 5058944.148, 15400126.94 5061944.148))"
T006,不稳定候选,15384938.105,5061884.4325,15383438.105,5060384.4325,36000000.0,4242.640687119285,0.4386850326879995,0.44359780390125075,0.6819572362514272,0.0,0.5,0.5,0.0,喜山期|海西期,4,internal_partial,"由4个高值网格组成；支持时期为喜山期|海西期；参数稳定率0.50；最高分代表点(15383438, 5060384)。",['尚未接入井位、储层或专家盲评外部证据'],"POLYGON ((15388126.94 5058944.148, 15385126.94 5058944.148, 15382126.94 5058944.148, 15382126.94 5061944.148, 15382126.94 5064944.148, 15385126.94 5064944.148, 15388126.94 5064944.148, 15388126.94 5061944.148, 15388126.94 5058944.148))"
T007,不稳定候选,15444938.104999999,5061584.432499999,15446438.105,5057384.4325,90000000.0,12369.316876852981,0.4632120997826603,0.4817747767933309,0.759177427950458,0.0,0.5,0.4833333333333333,0.0,喜山期|海西期,10,internal_partial,"由10个高值网格组成；支持时期为喜山期|海西期；参数稳定率0.48；最高分代表点(15446438, 5057384)。",['尚未接入井位、储层或专家盲评外部证据'],"POLYGON ((15445126.94 5055944.148, 15445126.94 5058944.148, 15442126.94 5058944.148, 15439126.94 5058944.148, 15436126.94 5058944.148, 15436126.94 5061944.148, 15439126.94 5061944.148, 15442126.94 5061944.148, 15442126.94 5064944.148, 15445126.94 5064944.148, 15445126.94 5067944.148, 15448126.94 5067944.148, 15448126.94 5064944.148, 15451126.94 5064944.148, 15451126.94 5061944.148, 15451126.94 5058944.148, 15448126.94 5058944.148, 15448126.94 5055944.148, 15445126.94 5055944.148))"
T008,不稳定候选,15417938.105,5060384.4325,15416438.105,5060384.4325,36000000.0,9000.0,0.4574681742039177,0.4576861593411146,0.7356233548683362,0.0,0.5,0.5,0.0,喜山期|海西期,4,internal_partial,"由4个高值网格组成；支持时期为喜山期|海西期；参数稳定率0.50；最高分代表点(15416438, 5060384)。",['尚未接入井位、储层或专家盲评外部证据'],"POLYGON ((15418126.94 5061944.148, 15421126.94 5061944.148, 15424126.94 5061944.148, 15424126.94 5058944.148, 15421126.94 5058944.148, 15418126.94 5058944.148, 15415126.94 5058944.148, 15412126.94 5058944.148, 15412126.94 5061944.148, 15415126.94 5061944.148, 15418126.94 5061944.148))"
T009,不稳定候选,15429938.105,5060384.4325,15425438.105,5060384.4325,36000000.0,9000.0,0.4558944792691649,0.4569798349722598,0.7311270836261852,0.0,0.5,0.5,0.0,喜山期|海西期,4,internal_partial,"由4个高值网格组成；支持时期为喜山期|海西期；参数稳定率0.50；最高分代表点(15425438, 5060384)。",['尚未接入井位、储层或专家盲评外部证据'],"POLYGON ((15430126.94 5061944.148, 15433126.94 5061944.148, 15436126.94 5061944.148, 15436126.94 5058944.148, 15433126.94 5058944.148, 15430126.94 5058944.148, 15427126.94 5058944.148, 15424126.94 5058944.148, 15424126.94 5061944.148, 15427126.94 5061944.148, 15430126.94 5061944.148))"
T010,不稳定候选,15407813.105,5057009.4325,15404438.105,5054384.4325,72000000.0,8485.28137423857,0.48149075540337366,0.49053485512893097,0.8042593011524961,0.0,0.5,0.5,0.0,喜山期|海西期,8,internal_partial,"由8个高值网格组成；支持时期为喜山期|海西期；参数稳定率0.50；最高分代表点(15404438, 5054384)。",['尚未接入井位、储层或专家盲评外部证据'],"POLYGON ((15412126.94 5052944.148, 15409126.94 5052944.148, 15406126.94 5052944.148, 15403126.94 5052944.148, 15403126.94 5055944.148, 15403126.94 5058944.148, 15406126.94 5058944.148, 15406126.94 5061944.148, 15409126.94 5061944.148, 15412126.94 5061944.148, 15412126.94 5058944.148, 15412126.94 5055944.148, 15412126.94 5052944.148))"
T011,不稳定候选,15375638.105,5054384.4325,15377438.105,5051384.4325,45000000.0,6708.203932499369,0.4704675423276167,0.4799355963192226,0.7727644066503336,0.0,0.5,0.5,0.0,喜山期|海西期,5,internal_partial,"由5个高值网格组成；支持时期为喜山期|海西期；参数稳定率0.50；最高分代表点(15377438, 5051384)。",['尚未接入井位、储层或专家盲评外部证据'],"POLYGON ((15379126.94 5052944.148, 15379126.94 5049944.148, 15376126.94 5049944.148, 15373126.94 5049944.148, 15373126.94 5052944.148, 15373126.94 5055944.148, 15373126.94 5058944.148, 15376126.94 5058944.148, 15379126.94 5058944.148, 15379126.94 5055944.148, 15376126.94 5055944.148, 15376126.94 5052944.148, 15379126.94 5052944.148))"
T012,不稳定候选,15396938.105,5054384.4325,15401438.105,5054384.4325,36000000.0,9000.0,0.46124808626526026,0.46348293281132813,0.7464231036150293,0.0,0.5,0.5,0.0,喜山期|海西期,4,internal_partial,"由4个高值网格组成；支持时期为喜山期|海西期；参数稳定率0.50；最高分代表点(15401438, 5054384)。",['尚未接入井位、储层或专家盲评外部证据'],"POLYGON ((15397126.94 5055944.148, 15400126.94 5055944.148, 15403126.94 5055944.148, 15403126.94 5052944.148, 15400126.94 5052944.148, 15397126.94 5052944.148, 15394126.94 5052944.148, 15391126.94 5052944.148, 15391126.94 5055944.148, 15394126.94 5055944.148, 15397126.94 5055944.148))"
T013,不稳定候选,15383165.37772727,5052748.068863636,15380438.105,5051384.4325,99000000.0,12000.0,0.4690232011740179,0.4836461543202268,0.7751312241335576,0.0,0.5,0.4848484848484848,0.0,喜山期|海西期,11,internal_partial,"由11个高值网格组成；支持时期为喜山期|海西期；参数稳定率0.48；最高分代表点(15380438, 5051384)。",['尚未接入井位、储层或专家盲评外部证据'],"POLYGON ((15379126.94 5049944.148, 15379126.94 5052944.148, 15376126.94 5052944.148, 15376126.94 5055944.148, 15379126.94 5055944.148, 15382126.94 5055944.148, 15382126.94 5058944.148, 15385126.94 5058944.148, 15385126.94 5055944.148, 15388126.94 5055944.148, 15391126.94 5055944.148, 15391126.94 5052944.148, 15388126.94 5052944.148, 15388126.94 5049944.148, 15385126.94 5049944.148, 15385126.94 5046944.148, 15382126.94 5046944.148, 15379126.94 5046944.148, 15379126.94 5049944.148))"
T014,不稳定候选,15485771.438333333,5052717.765833333,15485438.105,5051384.4325,81000000.0,10816.653826391968,0.4458121203915906,0.45592172550715493,0.702320343975973,0.0,0.5,0.5,0.0,喜山期|海西期,9,internal_partial,"由9个高值网格组成；支持时期为喜山期|海西期；参数稳定率0.50；最高分代表点(15485438, 5051384)。",['尚未接入井位、储层或专家盲评外部证据'],"POLYGON ((15484126.94 5046944.148, 15481126.94 5046944.148, 15481126.94 5049944.148, 15481126.94 5052944.148, 15484126.94 5052944.148, 15484126.94 5055944.148, 15484126.94 5058944.148, 15487126.94 5058944.148, 15490126.94 5058944.148, 15490126.94 5055944.148, 15490126.94 5052944.148, 15490126.94 5049944.148, 15487126.94 5049944.148, 15487126.94 5046944.148, 15484126.94 5046944.148))"
T015,不稳定候选,15450509.533571424,5050098.718214286,15452438.105,5045384.4325,126000000.0,13416.407864998739,0.47369586572363104,0.4878493016369766,0.781988187781803,0.0,0.5,0.5,0.0,喜山期|海西期,14,internal_partial,"由14个高值网格组成；支持时期为喜山期|海西期；参数稳定率0.50；最高分代表点(15452438, 5045384)。",['尚未接入井位、储层或专家盲评外部证据'],"POLYGON ((15445126.94 5046944.148, 15445126.94 5049944.148, 15445126.94 5052944.148, 15445126.94 5055944.148, 15448126.94 5055944.148, 15448126.94 5058944.148, 15451126.94 5058944.148, 15451126.94 5055944.148, 15451126.94 5052944.148, 15454126.94 5052944.148, 15457126.94 5052944.148, 15457126.94 5049944.148, 15457126.94 5046944.148, 15457126.94 5043944.148, 15454126.94 5043944.148, 15451126.94 5043944.148, 15451126.94 5046944.148, 15448126.94 5046944.148, 15448126.94 5043944.148, 15445126.94 5043944.148, 15445126.94 5046944.148))"
T016,不稳定候选,15370438.104999999,5048384.4325,15374438.105,5048384.4325,81000000.0,12727.922061357855,0.4427419402137525,0.4490069331428042,0.6935484006107215,0.0,0.5,0.5,0.0,喜山期|海西期,9,internal_partial,"由9个高值网格组成；支持时期为喜山期|海西期；参数稳定率0.50；最高分代表点(15374438, 5048384)。",['尚未接入井位、储层或专家盲评外部证据'],"POLYGON ((15373126.94 5043944.148, 15373126.94 5046944.148, 15370126.94 5046944.148, 15367126.94 5046944.148, 15364126.94 5046944.148, 15364126.94 5049944.148, 15364126.94 5052944.148, 15367126.94 5052944.148, 15370126.94 5052944.148, 15373126.94 5052944.148, 15373126.94 5049944.148, 15376126.94 5049944.148, 15376126.94 5046944.148, 15376126.94 5043944.148, 15376126.94 5040944.148, 15373126.94 5040944.148, 15373126.94 5043944.148))"
T017,不稳定候选,15351938.105,5046884.4325,15353438.105,5048384.4325,36000000.0,4242.640687119285,0.44180546879842003,0.44732163313256745,0.6908727679954858,0.0,0.5,0.5,0.0,喜山期|海西期,4,internal_partial,"由4个高值网格组成；支持时期为喜山期|海西期；参数稳定率0.50；最高分代表点(15353438, 5048384)。",['尚未接入井位、储层或专家盲评外部证据'],"POLYGON ((15355126.94 5043944.148, 15352126.94 5043944.148, 15349126.94 5043944.148, 15349126.94 5046944.148, 15349126.94 5049944.148, 15352126.94 5049944.148, 15355126.94 5049944.148, 15355126.94 5046944.148, 15355126.94 5043944.148))"
T018,二级,15408938.104999997,5046384.432499999,15407438.105,5042384.4325,108000000.0,10816.653826391968,0.5037460287574079,0.5403749179144025,0.730941034544975,0.0,0.5,0.8194444444444445,0.75,喜山期|海西期,12,internal_supported,"由12个高值网格组成；支持时期为喜山期|海西期；参数稳定率0.82；最高分代表点(15407438, 5042384)。",['尚未接入井位、储层或专家盲评外部证据'],"POLYGON ((15406126.94 5043944.148, 15403126.94 5043944.148, 15403126.94 5046944.148, 15403126.94 5049944.148, 15406126.94 5049944.148, 15406126.94 5052944.148, 15409126.94 5052944.148, 15412126.94 5052944.148, 15412126.94 5049944.148, 15412126.94 5046944.148, 15415126.94 5046944.148, 15415126.94 5043944.148, 15415126.94 5040944.148, 15412126.94 5040944.148, 15409126.94 5040944.148, 15406126.94 5040944.148, 15406126.94 5043944.148))"
T019,不稳定候选,15465338.104999999,5044484.432499999,15464438.105,5042384.4325,90000000.0,12369.316876852981,0.4589598166192085,0.47265130560494034,0.7398851903405956,0.0,0.5,0.5,0.0,喜山期|海西期,10,internal_partial,"由10个高值网格组成；支持时期为喜山期|海西期；参数稳定率0.50；最高分代表点(15464438, 5042384)。",['尚未接入井位、储层或专家盲评外部证据'],"POLYGON ((15472126.94 5040944.148, 15469126.94 5040944.148, 15466126.94 5040944.148, 15463126.94 5040944.148, 15460126.94 5040944.148, 15460126.94 5043944.148, 15457126.94 5043944.148, 15457126.94 5046944.148, 15460126.94 5046944.148, 15463126.94 5046944.148, 15466126.94 5046944.148, 15466126.94 5049944.148, 15469126.94 5049944.148, 15469126.94 5046944.148, 15472126.94 5046944.148, 15472126.94 5043944.148, 15472126.94 5040944.148))"
T020,不稳定候选,15383438.105,5040884.4325,15383438.105,5036384.4325,36000000.0,9000.0,0.4625632816411688,0.46505362983730514,0.7501808046890537,0.0,0.5,0.5,0.0,喜山期|海西期,4,internal_partial,"由4个高值网格组成；支持时期为喜山期|海西期；参数稳定率0.50；最高分代表点(15383438, 5036384)。",['尚未接入井位、储层或专家盲评外部证据'],"POLYGON ((15382126.94 5034944.148, 15382126.94 5037944.148, 15382126.94 5040944.148, 15382126.94 5043944.148, 15382126.94 5046944.148, 15385126.94 5046944.148, 15385126.94 5043944.148, 15385126.94 5040944.148, 15385126.94 5037944.148, 15385126.94 5034944.148, 15382126.94 5034944.148))"
T021,不稳定候选,15454152.390714288,5040670.146785715,15452438.105,5042384.4325,63000000.0,9000.0,0.4657184883575986,0.48798216017955415,0.7591956810217103,0.0,0.5,0.5,0.0,喜山期|海西期,7,internal_partial,"由7个高值网格组成；支持时期为喜山期|海西期；参数稳定率0.50；最高分代表点(15452438, 5042384)。",['尚未接入井位、储层或专家盲评外部证据'],"POLYGON ((15454126.94 5034944.148, 15454126.94 5037944.148, 15451126.94 5037944.148, 15451126.94 5040944.148, 15448126.94 5040944.148, 15448126.94 5043944.148, 15451126.94 5043944.148, 15454126.94 5043944.148, 15457126.94 5043944.148, 15460126.94 5043944.148, 15460126.94 5040944.148, 15457126.94 5040944.148, 15457126.94 5037944.148, 15457126.94 5034944.148, 15454126.94 5034944.148))"
T022,不稳定候选,15434938.104999997,5039384.432499999,15431438.105,5036384.4325,108000000.0,12369.316876852981,0.44343708775852747,0.45191828034938697,0.6955345364529358,0.0,0.5,0.5,0.0,喜山期|海西期,12,internal_partial,"由12个高值网格组成；支持时期为喜山期|海西期；参数稳定率0.50；最高分代表点(15431438, 5036384)。",['尚未接入井位、储层或专家盲评外部证据'],"POLYGON ((15430126.94 5037944.148, 15427126.94 5037944.148, 15427126.94 5040944.148, 15430126.94 5040944.148, 15430126.94 5043944.148, 15433126.94 5043944.148, 15436126.94 5043944.148, 15439126.94 5043944.148, 15442126.94 5043944.148, 15442126.94 5040944.148, 15439126.94 5040944.148, 15439126.94 5037944.148, 15442126.94 5037944.148, 15442126.94 5034944.148, 15439126.94 5034944.148, 15436126.94 5034944.148, 15433126.94 5034944.148, 15430126.94 5034944.148, 15430126.94 5037944.148))"
T023,不稳定候选,15407438.105,5039009.4325,15407438.105,5036384.4325,72000000.0,12000.0,0.48548167119138497,0.5420575490546315,0.7353047748325284,0.0,0.5,0.6875,0.375,喜山期|海西期,8,internal_partial,"由8个高值网格组成；支持时期为喜山期|海西期；参数稳定率0.69；最高分代表点(15407438, 5036384)。",['尚未接入井位、储层或专家盲评外部证据'],"POLYGON ((15412126.94 5034944.148, 15409126.94 5034944.148, 15406126.94 5034944.148, 15406126.94 5037944.148, 15403126.94 5037944.148, 15400126.94 5037944.148, 15400126.94 5040944.148, 15403126.94 5040944.148, 15403126.94 5043944.148, 15406126.94 5043944.148, 15406126.94 5040944.148, 15409126.94 5040944.148, 15412126.94 5040944.148, 15415126.94 5040944.148, 15415126.94 5037944.148, 15412126.94 5037944.148, 15412126.94 5034944.148))"
T024,不稳定候选,15416438.105,5038784.4325,15413438.105,5036384.4325,45000000.0,6708.203932499369,0.44867085538241264,0.4582172157261729,0.7104881582354649,0.0,0.5,0.5,0.0,喜山期|海西期,5,internal_partial,"由5个高值网格组成；支持时期为喜山期|海西期；参数稳定率0.50；最高分代表点(15413438, 5036384)。",['尚未接入井位、储层或专家盲评外部证据'],"POLYGON ((15418126.94 5034944.148, 15415126.94 5034944.148, 15412126.94 5034944.148, 15412126.94 5037944.148, 15415126.94 5037944.148, 15415126.94 5040944.148, 15415126.94 5043944.148, 15418126.94 5043944.148, 15418126.94 5040944.148, 15421126.94 5040944.148, 15421126.94 5037944.148, 15418126.94 5037944.148, 15418126.94 5034944.148))"
T025,不稳定候选,15446738.104999999,5038184.432499999,15446438.105,5033384.4325,90000000.0,12369.316876852981,0.49750641277408586,0.5482660962631641,0.7285897507831024,0.0,0.5,0.7833333333333333,0.5,喜山期|海西期,10,internal_partial,"由10个高值网格组成；支持时期为喜山期|海西期；参数稳定率0.78；最高分代表点(15446438, 5033384)。",['尚未接入井位、储层或专家盲评外部证据'],"POLYGON ((15448126.94 5031944.148, 15445126.94 5031944.148, 15445126.94 5034944.148, 15448126.94 5034944.148, 15448126.94 5037944.148, 15445126.94 5037944.148, 15442126.94 5037944.148, 15439126.94 5037944.148, 15439126.94 5040944.148, 15442126.94 5040944.148, 15442126.94 5043944.148, 15445126.94 5043944.148, 15448126.94 5043944.148, 15448126.94 5040944.148, 15451126.94 5040944.148, 15451126.94 5037944.148, 15454126.94 5037944.148, 15454126.94 5034944.148, 15451126.94 5034944.148, 15451126.94 5031944.148, 15448126.94 5031944.148))"
T026,不稳定候选,15486638.105,5035784.4325,15485438.105,5033384.4325,45000000.0,6708.203932499369,0.46584825846221556,0.539002923744482,0.7167093098920444,0.0,0.5,0.6,0.2,喜山期|海西期,5,internal_partial,"由5个高值网格组成；支持时期为喜山期|海西期；参数稳定率0.60；最高分代表点(15485438, 5033384)。",['尚未接入井位、储层或专家盲评外部证据'],"POLYGON ((15490126.94 5031944.148, 15487126.94 5031944.148, 15484126.94 5031944.148, 15484126.94 5034944.148, 15484126.94 5037944.148, 15484126.94 5040944.148, 15487126.94 5040944.148, 15487126.94 5037944.148, 15490126.94 5037944.148, 15490126.94 5034944.148, 15490126.94 5031944.148))"
T027,不稳定候选,15372938.105,5034884.4325,15374438.105,5039384.4325,72000000.0,9486.832980505138,0.44248276311263013,0.4471464870149812,0.6928078946075147,0.0,0.5,0.5,0.0,喜山期|海西期,8,internal_partial,"由8个高值网格组成；支持时期为喜山期|海西期；参数稳定率0.50；最高分代表点(15374438, 5039384)。",['尚未接入井位、储层或专家盲评外部证据'],"POLYGON ((15373126.94 5028944.148, 15370126.94 5028944.148, 15370126.94 5031944.148, 15370126.94 5034944.148, 15370126.94 5037944.148, 15370126.94 5040944.148, 15373126.94 5040944.148, 15376126.94 5040944.148, 15376126.94 5037944.148, 15376126.94 5034944.148, 15376126.94 5031944.148, 15376126.94 5028944.148, 15373126.94 5028944.148))"
T028,不稳定候选,15464438.105,5034884.4325,15464438.105,5030384.4325,36000000.0,9000.0,0.4518010785681904,0.4594608116568164,0.7194316530519727,0.0,0.5,0.5,0.0,喜山期|海西期,4,internal_partial,"由4个高值网格组成；支持时期为喜山期|海西期；参数稳定率0.50；最高分代表点(15464438, 5030384)。",['尚未接入井位、储层或专家盲评外部证据'],"POLYGON ((15463126.94 5028944.148, 15463126.94 5031944.148, 15463126.94 5034944.148, 15463126.94 5037944.148, 15463126.94 5040944.148, 15466126.94 5040944.148, 15466126.94 5037944.148, 15466126.94 5034944.148, 15466126.94 5031944.148, 15466126.94 5028944.148, 15463126.94 5028944.148))"
T029,不稳定候选,15425438.104999997,5034884.432499999,15422438.105,5033384.4325,108000000.0,12369.316876852981,0.4593694302789482,0.4853179089011776,0.7231983722255665,0.0,0.5,0.5416666666666666,0.0,喜山期|海西期,12,internal_partial,"由12个高值网格组成；支持时期为喜山期|海西期；参数稳定率0.54；最高分代表点(15422438, 5033384)。",['尚未接入井位、储层或专家盲评外部证据'],"POLYGON ((15421126.94 5034944.148, 15418126.94 5034944.148, 15418126.94 5037944.148, 15421126.94 5037944.148, 15421126.94 5040944.148, 15424126.94 5040944.148, 15427126.94 5040944.148, 15427126.94 5037944.148, 15430126.94 5037944.148, 15430126.94 5034944.148, 15433126.94 5034944.148, 15433126.94 5031944.148, 15430126.94 5031944.148, 15430126.94 5028944.148, 15427126.94 5028944.148, 15424126.94 5028944.148, 15424126.94 5031944.148, 15421126.94 5031944.148, 15421126.94 5034944.148))"
T030,不稳定候选,15403580.962142859,5033384.4325,15407438.105,5033384.4325,63000000.0,6708.203932499369,0.4796737119263844,0.5444193527720385,0.73784325856518,0.0,0.5,0.6428571428571429,0.2857142857142857,喜山期|海西期,7,internal_partial,"由7个高值网格组成；支持时期为喜山期|海西期；参数稳定率0.64；最高分代表点(15407438, 5033384)。",['尚未接入井位、储层或专家盲评外部证据'],"POLYGON ((15400126.94 5031944.148, 15400126.94 5034944.148, 15400126.94 5037944.148, 15403126.94 5037944.148, 15406126.94 5037944.148, 15406126.94 5034944.148, 15409126.94 5034944.148, 15409126.94 5031944.148, 15406126.94 5031944.148, 15406126.94 5028944.148, 15403126.94 5028944.148, 15400126.94 5028944.148, 15400126.94 5031944.148))"
T031,不稳定候选,15442538.104999999,5031584.432499999,15446438.105,5030384.4325,90000000.0,10816.653826391968,0.4621566421262938,0.5480867701345612,0.7061618346465537,0.0,0.5,0.6,0.2,喜山期|海西期,10,internal_partial,"由10个高值网格组成；支持时期为喜山期|海西期；参数稳定率0.60；最高分代表点(15446438, 5030384)。",['尚未接入井位、储层或专家盲评外部证据'],"POLYGON ((15442126.94 5025944.148, 15439126.94 5025944.148, 15439126.94 5028944.148, 15436126.94 5028944.148, 15436126.94 5031944.148, 15439126.94 5031944.148, 15439126.94 5034944.148, 15442126.94 5034944.148, 15442126.94 5037944.148, 15445126.94 5037944.148, 15448126.94 5037944.148, 15448126.94 5034944.148, 15445126.94 5034944.148, 15445126.94 5031944.148, 15448126.94 5031944.148, 15448126.94 5028944.148, 15445126.94 5028944.148, 15445126.94 5025944.148, 15442126.94 5025944.148))"
T032,一级,15410938.105000002,5030384.4325,15410438.105,5027384.4325,54000000.0,6708.203932499369,0.5376241091289862,0.5483050568906289,0.7741641213209131,0.0,0.5,0.9444444444444443,0.8333333333333334,喜山期|海西期,6,internal_supported,"由6个高值网格组成；支持时期为喜山期|海西期；参数稳定率0.94；最高分代表点(15410438, 5027384)。",['尚未接入井位、储层或专家盲评外部证据'],"POLYGON ((15415126.94 5028944.148, 15415126.94 5025944.148, 15412126.94 5025944.148, 15409126.94 5025944.148, 15409126.94 5028944.148, 15406126.94 5028944.148, 15406126.94 5031944.148, 15409126.94 5031944.148, 15409126.94 5034944.148, 15412126.94 5034944.148, 15415126.94 5034944.148, 15415126.94 5031944.148, 15412126.94 5031944.148, 15412126.94 5028944.148, 15415126.94 5028944.148))"
T033,不稳定候选,15417938.105,5030384.4325,15413438.105,5030384.4325,72000000.0,9000.0,0.5103366945775107,0.5458027414326313,0.7616762702214592,0.0,0.5,0.7916666666666666,0.375,喜山期|海西期,8,internal_partial,"由8个高值网格组成；支持时期为喜山期|海西期；参数稳定率0.79；最高分代表点(15413438, 5030384)。",['尚未接入井位、储层或专家盲评外部证据'],"POLYGON ((15421126.94 5025944.148, 15418126.94 5025944.148, 15415126.94 5025944.148, 15415126.94 5028944.148, 15412126.94 5028944.148, 15412126.94 5031944.148, 15415126.94 5031944.148, 15415126.94 5034944.148, 15418126.94 5034944.148, 15421126.94 5034944.148, 15421126.94 5031944.148, 15424126.94 5031944.148, 15424126.94 5028944.148, 15421126.94 5028944.148, 15421126.94 5025944.148))"
T034,不稳定候选,15454976.566538457,5028999.817115383,15455438.105,5030384.4325,117000000.0,10816.653826391968,0.494720620105632,0.542782957672035,0.7266742992029049,0.0,0.5,0.7692307692307693,0.5384615384615384,喜山期|海西期,13,internal_partial,"由13个高值网格组成；支持时期为喜山期|海西期；参数稳定率0.77；最高分代表点(15455438, 5030384)。",['尚未接入井位、储层或专家盲评外部证据'],"POLYGON ((15451126.94 5025944.148, 15451126.94 5028944.148, 15448126.94 5028944.148, 15448126.94 5031944.148, 15451126.94 5031944.148, 15451126.94 5034944.148, 15454126.94 5034944.148, 15457126.94 5034944.148, 15460126.94 5034944.148, 15460126.94 5031944.148, 15460126.94 5028944.148, 15460126.94 5025944.148, 15460126.94 5022944.148, 15457126.94 5022944.148, 15454126.94 5022944.148, 15451126.94 5022944.148, 15451126.94 5025944.148))"
T035,不稳定候选,15383438.105,5027384.4325,15383438.105,5021384.4325,45000000.0,12000.0,0.4880709665243965,0.5724328847960412,0.7802027614982758,0.0,0.5,0.6,0.2,喜山期|海西期,5,internal_partial,"由5个高值网格组成；支持时期为喜山期|海西期；参数稳定率0.60；最高分代表点(15383438, 5021384)。",['尚未接入井位、储层或专家盲评外部证据'],"POLYGON ((15382126.94 5019944.148, 15382126.94 5022944.148, 15382126.94 5025944.148, 15382126.94 5028944.148, 15382126.94 5031944.148, 15382126.94 5034944.148, 15385126.94 5034944.148, 15385126.94 5031944.148, 15385126.94 5028944.148, 15385126.94 5025944.148, 15385126.94 5022944.148, 15385126.94 5019944.148, 15382126.94 5019944.148))"
T036,不稳定候选,15434738.104999999,5027384.432499999,15431438.105,5030384.4325,90000000.0,12369.316876852981,0.4455201239414179,0.4532555548359646,0.701486068404051,0.0,0.5,0.5,0.0,喜山期|海西期,10,internal_partial,"由10个高值网格组成；支持时期为喜山期|海西期；参数稳定率0.50；最高分代表点(15431438, 5030384)。",['尚未接入井位、储层或专家盲评外部证据'],"POLYGON ((15439126.94 5019944.148, 15436126.94 5019944.148, 15433126.94 5019944.148, 15433126.94 5022944.148, 15430126.94 5022944.148, 15430126.94 5025944.148, 15433126.94 5025944.148, 15433126.94 5028944.148, 15430126.94 5028944.148, 15430126.94 5031944.148, 15433126.94 5031944.148, 15433126.94 5034944.148, 15436126.94 5034944.148, 15439126.94 5034944.148, 15439126.94 5031944.148, 15436126.94 5031944.148, 15436126.94 5028944.148, 15439126.94 5028944.148, 15439126.94 5025944.148, 15436126.94 5025944.148, 15436126.94 5022944.148, 15439126.94 5022944.148, 15439126.94 5019944.148))"
T037,不稳定候选,15372938.105,5025884.4325,15374438.105,5027384.4325,36000000.0,4242.640687119285,0.4403037419542187,0.44353417755280106,0.6865821198691962,0.0,0.5,0.5,0.0,喜山期|海西期,4,internal_partial,"由4个高值网格组成；支持时期为喜山期|海西期；参数稳定率0.50；最高分代表点(15374438, 5027384)。",['尚未接入井位、储层或专家盲评外部证据'],"POLYGON ((15376126.94 5022944.148, 15373126.94 5022944.148, 15370126.94 5022944.148, 15370126.94 5025944.148, 15370126.94 5028944.148, 15373126.94 5028944.148, 15376126.94 5028944.148, 15376126.94 5025944.148, 15376126.94 5022944.148))"
T038,不稳定候选,15395738.104999999,5025284.432499999,15395438.105,5021384.4325,90000000.0,12369.316876852981,0.4903312544698785,0.5463199781894302,0.7295178699139385,0.0,0.5,0.7333333333333333,0.4,喜山期|海西期,10,internal_partial,"由10个高值网格组成；支持时期为喜山期|海西期；参数稳定率0.73；最高分代表点(15395438, 5021384)。",['尚未接入井位、储层或专家盲评外部证据'],"POLYGON ((15394126.94 5019944.148, 15391126.94 5019944.148, 15391126.94 5022944.148, 15388126.94 5022944.148, 15388126.94 5025944.148, 15391126.94 5025944.148, 15394126.94 5025944.148, 15394126.94 5028944.148, 15397126.94 5028944.148, 15397126.94 5031944.148, 15400126.94 5031944.148, 15400126.94 5028944.148, 15403126.94 5028944.148, 15403126.94 5025944.148, 15400126.94 5025944.148, 15400126.94 5022944.148, 15397126.94 5022944.148, 15397126.94 5019944.148, 15394126.94 5019944.148))"
T039,二级,15447188.105,5025134.4325,15446438.105,5021384.4325,36000000.0,6708.203932499369,0.5182661236830615,0.5470891855228512,0.7486174962373187,0.0,0.5,0.875,0.75,喜山期|海西期,4,internal_supported,"由4个高值网格组成；支持时期为喜山期|海西期；参数稳定率0.88；最高分代表点(15446438, 5021384)。",['尚未接入井位、储层或专家盲评外部证据'],"POLYGON ((15445126.94 5019944.148, 15445126.94 5022944.148, 15445126.94 5025944.148, 15445126.94 5028944.148, 15448126.94 5028944.148, 15451126.94 5028944.148, 15451126.94 5025944.148, 15448126.94 5025944.148, 15448126.94 5022944.148, 15448126.94 5019944.148, 15445126.94 5019944.148))"
T040,不稳定候选,15463238.105,5023784.4325,15464438.105,5021384.4325,45000000.0,6708.203932499369,0.48876623031599553,0.5486471231565995,0.7393320866171302,0.0,0.5,0.7,0.4,喜山期|海西期,5,internal_partial,"由5个高值网格组成；支持时期为喜山期|海西期；参数稳定率0.70；最高分代表点(15464438, 5021384)。",['尚未接入井位、储层或专家盲评外部证据'],"POLYGON ((15466126.94 5019944.148, 15463126.94 5019944.148, 15460126.94 5019944.148, 15460126.94 5022944.148, 15460126.94 5025944.148, 15463126.94 5025944.148, 15463126.94 5028944.148, 15466126.94 5028944.148, 15466126.94 5025944.148, 15466126.94 5022944.148, 15466126.94 5019944.148))"
T041,不稳定候选,15426438.104999995,5023184.4325,15422438.105,5021384.4325,135000000.0,13416.407864998739,0.4617116781255723,0.4930171479685599,0.7334619375016354,0.0,0.5,0.5333333333333333,0.0,喜山期|海西期,15,internal_partial,"由15个高值网格组成；支持时期为喜山期|海西期；参数稳定率0.53；最高分代表点(15422438, 5021384)。",['尚未接入井位、储层或专家盲评外部证据'],"POLYGON ((15424126.94 5019944.148, 15421126.94 5019944.148, 15421126.94 5022944.148, 15418126.94 5022944.148, 15418126.94 5025944.148, 15421126.94 5025944.148, 15421126.94 5028944.148, 15424126.94 5028944.148, 15427126.94 5028944.148, 15430126.94 5028944.148, 15433126.94 5028944.148, 15433126.94 5025944.148, 15430126.94 5025944.148, 15430126.94 5022944.148, 15433126.94 5022944.148, 15433126.94 5019944.148, 15433126.94 5016944.148, 15430126.94 5016944.148, 15427126.94 5016944.148, 15424126.94 5016944.148, 15424126.94 5019944.148))"
T042,一级,15406538.104999999,5023184.432499999,15407438.105,5021384.4325,90000000.0,10816.653826391968,0.5304148449409158,0.5528970853780741,0.7726138426883308,0.0,0.5,0.9,0.8,喜山期|海西期,10,internal_supported,"由10个高值网格组成；支持时期为喜山期|海西期；参数稳定率0.90；最高分代表点(15407438, 5021384)。",['尚未接入井位、储层或专家盲评外部证据'],"POLYGON ((15412126.94 5016944.148, 15409126.94 5016944.148, 15406126.94 5016944.148, 15406126.94 5019944.148, 15403126.94 5019944.148, 15403126.94 5022944.148, 15400126.94 5022944.148, 15400126.94 5025944.148, 15403126.94 5025944.148, 15403126.94 5028944.148, 15406126.94 5028944.148, 15409126.94 5028944.148, 15409126.94 5025944.148, 15412126.94 5025944.148, 15412126.94 5022944.148, 15409126.94 5022944.148, 15409126.94 5019944.148, 15412126.94 5019944.148, 15412126.94 5016944.148))"
T043,不稳定候选,15481892.650454544,5020838.977954545,15482438.105,5015384.4325,99000000.0,13416.407864998739,0.4571475060222483,0.4782743326780413,0.7347071600635665,0.0,0.5,0.5,0.0,喜山期|海西期,11,internal_partial,"由11个高值网格组成；支持时期为喜山期|海西期；参数稳定率0.50；最高分代表点(15482438, 5015384)。",['尚未接入井位、储层或专家盲评外部证据'],"POLYGON ((15475126.94 5019944.148, 15475126.94 5022944.148, 15475126.94 5025944.148, 15478126.94 5025944.148, 15481126.94 5025944.148, 15484126.94 5025944.148, 15484126.94 5022944.148, 15487126.94 5022944.148, 15487126.94 5019944.148, 15490126.94 5019944.148, 15490126.94 5016944.148, 15487126.94 5016944.148, 15484126.94 5016944.148, 15484126.94 5013944.148, 15481126.94 5013944.148, 15481126.94 5016944.148, 15481126.94 5019944.148, 15478126.94 5019944.148, 15475126.94 5019944.148))"
T044,不稳定候选,15471938.105000002,5020384.4325,15470438.105,5021384.4325,54000000.0,9486.832980505138,0.44533756998312213,0.4528431595799724,0.700964485666063,0.0,0.5,0.5,0.0,喜山期|海西期,6,internal_partial,"由6个高值网格组成；支持时期为喜山期|海西期；参数稳定率0.50；最高分代表点(15470438, 5021384)。",['尚未接入井位、储层或专家盲评外部证据'],"MULTIPOLYGON (((15475126.94 5016944.148, 15475126.94 5013944.148, 15472126.94 5013944.148, 15469126.94 5013944.148, 15469126.94 5016944.148, 15472126.94 5016944.148, 15475126.94 5016944.148)), ((15469126.94 5019944.148, 15469126.94 5022944.148, 15469126.94 5025944.148, 15472126.94 5025944.148, 15475126.94 5025944.148, 15475126.94 5022944.148, 15475126.94 5019944.148, 15472126.94 5019944.148, 15469126.94 5019944.148)))"
T045,二级,15415538.104999999,5020184.432499999,15410438.105,5021384.4325,90000000.0,10816.653826391968,0.514262097832801,0.5520573418820739,0.7693202795222884,0.0,0.5,0.8,0.6,喜山期|海西期,10,internal_supported,"由10个高值网格组成；支持时期为喜山期|海西期；参数稳定率0.80；最高分代表点(15410438, 5021384)。",['尚未接入井位、储层或专家盲评外部证据'],"POLYGON ((15421126.94 5013944.148, 15418126.94 5013944.148, 15415126.94 5013944.148, 15415126.94 5016944.148, 15412126.94 5016944.148, 15412126.94 5019944.148, 15409126.94 5019944.148, 15409126.94 5022944.148, 15412126.94 5022944.148, 15412126.94 5025944.148, 15415126.94 5025944.148, 15418126.94 5025944.148, 15418126.94 5022944.148, 15421126.94 5022944.148, 15421126.94 5019944.148, 15418126.94 5019944.148, 15418126.94 5016944.148, 15421126.94 5016944.148, 15421126.94 5013944.148))"
T046,不稳定候选,15455438.105000002,5018813.003928572,15455438.105,5021384.4325,63000000.0,8485.28137423857,0.4824774251549964,0.5413097414277567,0.7152416228918265,0.0,0.5,0.7142857142857143,0.42857142857142855,喜山期|海西期,7,internal_partial,"由7个高值网格组成；支持时期为喜山期|海西期；参数稳定率0.71；最高分代表点(15455438, 5021384)。",['尚未接入井位、储层或专家盲评外部证据'],"POLYGON ((15454126.94 5019944.148, 15451126.94 5019944.148, 15451126.94 5022944.148, 15454126.94 5022944.148, 15457126.94 5022944.148, 15460126.94 5022944.148, 15460126.94 5019944.148, 15460126.94 5016944.148, 15457126.94 5016944.148, 15457126.94 5013944.148, 15454126.94 5013944.148, 15451126.94 5013944.148, 15451126.94 5016944.148, 15454126.94 5016944.148, 15454126.94 5019944.148))"
T047,二级,15400938.105000002,5018384.4325,15401438.105,5021384.4325,54000000.0,6708.203932499369,0.5106483166330199,0.5507276352871621,0.7566142379991048,0.0,0.5,0.8055555555555555,0.6666666666666666,喜山期|海西期,6,internal_supported,"由6个高值网格组成；支持时期为喜山期|海西期；参数稳定率0.81；最高分代表点(15401438, 5021384)。",['尚未接入井位、储层或专家盲评外部证据'],"POLYGON ((15400126.94 5019944.148, 15397126.94 5019944.148, 15397126.94 5022944.148, 15400126.94 5022944.148, 15403126.94 5022944.148, 15403126.94 5019944.148, 15406126.94 5019944.148, 15406126.94 5016944.148, 15403126.94 5016944.148, 15403126.94 5013944.148, 15400126.94 5013944.148, 15397126.94 5013944.148, 15397126.94 5016944.148, 15400126.94 5016944.148, 15400126.94 5019944.148))"
T048,不稳定候选,15374813.105,5017259.4325,15380438.105,5018384.4325,72000000.0,9486.832980505138,0.4480758958602744,0.4830185798965321,0.7087882738864986,0.0,0.5,0.5,0.0,喜山期|海西期,8,internal_partial,"由8个高值网格组成；支持时期为喜山期|海西期；参数稳定率0.50；最高分代表点(15380438, 5018384)。",['尚未接入井位、储层或专家盲评外部证据'],"POLYGON ((15373126.94 5010944.148, 15373126.94 5013944.148, 15370126.94 5013944.148, 15370126.94 5016944.148, 15370126.94 5019944.148, 15373126.94 5019944.148, 15373126.94 5022944.148, 15376126.94 5022944.148, 15376126.94 5019944.148, 15379126.94 5019944.148, 15382126.94 5019944.148, 15382126.94 5016944.148, 15379126.94 5016944.148, 15376126.94 5016944.148, 15376126.94 5013944.148, 15376126.94 5010944.148, 15373126.94 5010944.148))"
T049,一级,15385538.104999999,5016584.432499999,15386438.105,5015384.4325,90000000.0,10816.653826391968,0.5487129577207815,0.5754512305353547,0.8034655934879472,0.0,0.5,0.95,0.9,喜山期|海西期,10,internal_supported,"由10个高值网格组成；支持时期为喜山期|海西期；参数稳定率0.95；最高分代表点(15386438, 5015384)。",['尚未接入井位、储层或专家盲评外部证据'],"POLYGON ((15385126.94 5010944.148, 15382126.94 5010944.148, 15382126.94 5013944.148, 15379126.94 5013944.148, 15379126.94 5016944.148, 15382126.94 5016944.148, 15382126.94 5019944.148, 15385126.94 5019944.148, 15385126.94 5022944.148, 15388126.94 5022944.148, 15391126.94 5022944.148, 15391126.94 5019944.148, 15388126.94 5019944.148, 15388126.94 5016944.148, 15391126.94 5016944.148, 15391126.94 5013944.148, 15388126.94 5013944.148, 15388126.94 5010944.148, 15385126.94 5010944.148))"
T050,不稳定候选,15421938.105000002,5015384.4325,15422438.105,5015384.4325,54000000.0,6708.203932499369,0.45911674881609876,0.4647692184754746,0.7403335680459965,0.0,0.5,0.5,0.0,喜山期|海西期,6,internal_partial,"由6个高值网格组成；支持时期为喜山期|海西期；参数稳定率0.50；最高分代表点(15422438, 5015384)。",['尚未接入井位、储层或专家盲评外部证据'],"POLYGON ((15421126.94 5016944.148, 15418126.94 5016944.148, 15418126.94 5019944.148, 15421126.94 5019944.148, 15424126.94 5019944.148, 15424126.94 5016944.148, 15427126.94 5016944.148, 15427126.94 5013944.148, 15424126.94 5013944.148, 15424126.94 5010944.148, 15421126.94 5010944.148, 15418126.94 5010944.148, 15418126.94 5013944.148, 15421126.94 5013944.148, 15421126.94 5016944.148))"
T051,二级,15462038.105,5014184.4325,15464438.105,5015384.4325,45000000.0,6708.203932499369,0.5226166102948395,0.5455239481031002,0.7503331722709704,0.0,0.5,0.9,0.8,喜山期|海西期,5,internal_supported,"由5个高值网格组成；支持时期为喜山期|海西期；参数稳定率0.90；最高分代表点(15464438, 5015384)。",['尚未接入井位、储层或专家盲评外部证据'],"POLYGON ((15466126.94 5010944.148, 15463126.94 5010944.148, 15460126.94 5010944.148, 15460126.94 5013944.148, 15457126.94 5013944.148, 15457126.94 5016944.148, 15460126.94 5016944.148, 15463126.94 5016944.148, 15466126.94 5016944.148, 15466126.94 5013944.148, 15466126.94 5010944.148))"
T052,二级,15446438.105,5013884.4325,15446438.105,5015384.4325,36000000.0,9000.0,0.5220964335157148,0.5459253022804301,0.759561238616328,0.0,0.5,0.875,0.75,喜山期|海西期,4,internal_supported,"由4个高值网格组成；支持时期为喜山期|海西期；参数稳定率0.88；最高分代表点(15446438, 5015384)。",['尚未接入井位、储层或专家盲评外部证据'],"POLYGON ((15445126.94 5007944.148, 15445126.94 5010944.148, 15445126.94 5013944.148, 15445126.94 5016944.148, 15445126.94 5019944.148, 15448126.94 5019944.148, 15448126.94 5016944.148, 15448126.94 5013944.148, 15448126.94 5010944.148, 15448126.94 5007944.148, 15445126.94 5007944.148))"
T053,不稳定候选,15429438.104999999,5012384.4325,15425438.105,5009384.4325,81000000.0,10816.653826391968,0.4497405040881664,0.4573605572001691,0.7135442973947614,0.0,0.5,0.5,0.0,喜山期|海西期,9,internal_partial,"由9个高值网格组成；支持时期为喜山期|海西期；参数稳定率0.50；最高分代表点(15425438, 5009384)。",['尚未接入井位、储层或专家盲评外部证据'],"POLYGON ((15433126.94 5007944.148, 15430126.94 5007944.148, 15427126.94 5007944.148, 15424126.94 5007944.148, 15424126.94 5010944.148, 15424126.94 5013944.148, 15427126.94 5013944.148, 15427126.94 5016944.148, 15430126.94 5016944.148, 15433126.94 5016944.148, 15436126.94 5016944.148, 15436126.94 5013944.148, 15433126.94 5013944.148, 15433126.94 5010944.148, 15433126.94 5007944.148))"
T054,不稳定候选,15481771.438333333,5012384.4325,15485438.105,5015384.4325,81000000.0,12727.922061357855,0.44615313212796426,0.46540656308735157,0.7032946632227551,0.0,0.5,0.5,0.0,喜山期|海西期,9,internal_partial,"由9个高值网格组成；支持时期为喜山期|海西期；参数稳定率0.50；最高分代表点(15485438, 5015384)。",['尚未接入井位、储层或专家盲评外部证据'],"POLYGON ((15484126.94 5007944.148, 15484126.94 5010944.148, 15481126.94 5010944.148, 15478126.94 5010944.148, 15475126.94 5010944.148, 15475126.94 5013944.148, 15475126.94 5016944.148, 15478126.94 5016944.148, 15481126.94 5016944.148, 15481126.94 5013944.148, 15484126.94 5013944.148, 15484126.94 5016944.148, 15487126.94 5016944.148, 15487126.94 5013944.148, 15487126.94 5010944.148, 15487126.94 5007944.148, 15487126.94 5004944.148, 15484126.94 5004944.148, 15484126.94 5007944.148))"
T055,不稳定候选,15412104.771666666,5011717.765833333,15410438.105,5015384.4325,81000000.0,9486.832980505138,0.48288990475014365,0.5457755287078491,0.7606378230956486,0.0,0.5,0.6111111111111112,0.2222222222222222,喜山期|海西期,9,internal_partial,"由9个高值网格组成；支持时期为喜山期|海西期；参数稳定率0.61；最高分代表点(15410438, 5015384)。",['尚未接入井位、储层或专家盲评外部证据'],"POLYGON ((15412126.94 5004944.148, 15412126.94 5007944.148, 15409126.94 5007944.148, 15409126.94 5010944.148, 15406126.94 5010944.148, 15406126.94 5013944.148, 15409126.94 5013944.148, 15409126.94 5016944.148, 15412126.94 5016944.148, 15415126.94 5016944.148, 15415126.94 5013944.148, 15418126.94 5013944.148, 15418126.94 5010944.148, 15415126.94 5010944.148, 15415126.94 5007944.148, 15415126.94 5004944.148, 15412126.94 5004944.148))"
T056,不稳定候选,15395652.390714282,5009813.003928571,15392438.105,5015384.4325,126000000.0,13416.407864998739,0.5005330819755696,0.5436504744773855,0.7464210505424439,0.0,0.5,0.7619047619047619,0.42857142857142855,喜山期|海西期,14,internal_partial,"由14个高值网格组成；支持时期为喜山期|海西期；参数稳定率0.76；最高分代表点(15392438, 5015384)。",['尚未接入井位、储层或专家盲评外部证据'],"POLYGON ((15391126.94 5007944.148, 15391126.94 5010944.148, 15388126.94 5010944.148, 15388126.94 5013944.148, 15391126.94 5013944.148, 15391126.94 5016944.148, 15394126.94 5016944.148, 15397126.94 5016944.148, 15397126.94 5013944.148, 15400126.94 5013944.148, 15400126.94 5010944.148, 15403126.94 5010944.148, 15403126.94 5007944.148, 15400126.94 5007944.148, 15400126.94 5004944.148, 15400126.94 5001944.148, 15397126.94 5001944.148, 15394126.94 5001944.148, 15394126.94 5004944.148, 15394126.94 5007944.148, 15391126.94 5007944.148))"
T057,一级,15405509.533571424,5008098.718214286,15410438.105,5003384.4325,126000000.0,13416.407864998739,0.5320728798239,0.5477476408442612,0.7702082280682854,0.0,0.5,0.9166666666666666,0.8571428571428571,喜山期|海西期,14,internal_supported,"由14个高值网格组成；支持时期为喜山期|海西期；参数稳定率0.92；最高分代表点(15410438, 5003384)。",['尚未接入井位、储层或专家盲评外部证据'],"POLYGON ((15400126.94 5004944.148, 15400126.94 5007944.148, 15403126.94 5007944.148, 15403126.94 5010944.148, 15400126.94 5010944.148, 15400126.94 5013944.148, 15403126.94 5013944.148, 15403126.94 5016944.148, 15406126.94 5016944.148, 15409126.94 5016944.148, 15409126.94 5013944.148, 15406126.94 5013944.148, 15406126.94 5010944.148, 15409126.94 5010944.148, 15409126.94 5007944.148, 15412126.94 5007944.148, 15412126.94 5004944.148, 15412126.94 5001944.148, 15409126.94 5001944.148, 15406126.94 5001944.148, 15403126.94 5001944.148, 15400126.94 5001944.148, 15400126.94 5004944.148))"
T058,不稳定候选,15371138.104999999,5007584.432499999,15374438.105,5009384.4325,90000000.0,10816.653826391968,0.4415393056829348,0.4450580779539847,0.6901123019512422,0.0,0.5,0.5,0.0,喜山期|海西期,10,internal_partial,"由10个高值网格组成；支持时期为喜山期|海西期；参数稳定率0.50；最高分代表点(15374438, 5009384)。",['尚未接入井位、储层或专家盲评外部证据'],"POLYGON ((15373126.94 5001944.148, 15370126.94 5001944.148, 15370126.94 5004944.148, 15367126.94 5004944.148, 15367126.94 5007944.148, 15364126.94 5007944.148, 15364126.94 5010944.148, 15367126.94 5010944.148, 15370126.94 5010944.148, 15370126.94 5013944.148, 15373126.94 5013944.148, 15373126.94 5010944.148, 15376126.94 5010944.148, 15376126.94 5007944.148, 15376126.94 5004944.148, 15376126.94 5001944.148, 15373126.94 5001944.148))"
T059,不稳定候选,15459509.533571424,5007241.575357142,15458438.105,5009384.4325,126000000.0,12727.922061357855,0.4842844538409096,0.536171069866943,0.735710684443415,0.0,0.5,0.6785714285714286,0.35714285714285715,喜山期|海西期,14,internal_partial,"由14个高值网格组成；支持时期为喜山期|海西期；参数稳定率0.68；最高分代表点(15458438, 5009384)。",['尚未接入井位、储层或专家盲评外部证据'],"POLYGON ((15454126.94 5004944.148, 15454126.94 5007944.148, 15454126.94 5010944.148, 15454126.94 5013944.148, 15457126.94 5013944.148, 15460126.94 5013944.148, 15460126.94 5010944.148, 15463126.94 5010944.148, 15466126.94 5010944.148, 15466126.94 5007944.148, 15466126.94 5004944.148, 15466126.94 5001944.148, 15463126.94 5001944.148, 15460126.94 5001944.148, 15457126.94 5001944.148, 15454126.94 5001944.148, 15454126.94 5004944.148))"
T060,二级,15387938.104999999,5006384.432499999,15386438.105,5009384.4325,90000000.0,10816.653826391968,0.501786179814638,0.538016587383992,0.7336747994703943,0.0,0.5,0.8,0.6,喜山期|海西期,10,internal_supported,"由10个高值网格组成；支持时期为喜山期|海西期；参数稳定率0.80；最高分代表点(15386438, 5009384)。",['尚未接入井位、储层或专家盲评外部证据'],"POLYGON ((15394126.94 5001944.148, 15391126.94 5001944.148, 15388126.94 5001944.148, 15385126.94 5001944.148, 15385126.94 5004944.148, 15382126.94 5004944.148, 15382126.94 5007944.148, 15382126.94 5010944.148, 15385126.94 5010944.148, 15388126.94 5010944.148, 15391126.94 5010944.148, 15391126.94 5007944.148, 15394126.94 5007944.148, 15394126.94 5004944.148, 15394126.94 5001944.148))"
T061,不稳定候选,15421438.104999997,5005384.432499999,15416438.105,5006384.4325,108000000.0,12727.922061357855,0.4759674730669871,0.5451857084361361,0.7587165897152014,0.0,0.5,0.5694444444444444,0.16666666666666666,喜山期|海西期,12,internal_partial,"由12个高值网格组成；支持时期为喜山期|海西期；参数稳定率0.57；最高分代表点(15416438, 5006384)。",['尚未接入井位、储层或专家盲评外部证据'],"POLYGON ((15418126.94 5004944.148, 15415126.94 5004944.148, 15415126.94 5007944.148, 15415126.94 5010944.148, 15418126.94 5010944.148, 15421126.94 5010944.148, 15424126.94 5010944.148, 15424126.94 5007944.148, 15427126.94 5007944.148, 15427126.94 5004944.148, 15427126.94 5001944.148, 15427126.94 4998944.148, 15424126.94 4998944.148, 15421126.94 4998944.148, 15421126.94 5001944.148, 15418126.94 5001944.148, 15418126.94 5004944.148))"
T062,不稳定候选,15431866.676428573,5004241.575357144,15428438.105,5003384.4325,63000000.0,8485.28137423857,0.4474656807342056,0.45787064041041753,0.7070448020977302,0.0,0.5,0.5,0.0,喜山期|海西期,7,internal_partial,"由7个高值网格组成；支持时期为喜山期|海西期；参数稳定率0.50；最高分代表点(15428438, 5003384)。",['尚未接入井位、储层或专家盲评外部证据'],"POLYGON ((15436126.94 4998944.148, 15433126.94 4998944.148, 15433126.94 5001944.148, 15430126.94 5001944.148, 15427126.94 5001944.148, 15427126.94 5004944.148, 15427126.94 5007944.148, 15430126.94 5007944.148, 15433126.94 5007944.148, 15436126.94 5007944.148, 15436126.94 5004944.148, 15436126.94 5001944.148, 15436126.94 4998944.148))"
T063,不稳定候选,15363188.105,5004134.4325,15365438.105,5006384.4325,72000000.0,9486.832980505138,0.46210055640194536,0.4725290737959096,0.7488587325769869,0.0,0.5,0.5,0.0,喜山期|海西期,8,internal_partial,"由8个高值网格组成；支持时期为喜山期|海西期；参数稳定率0.50；最高分代表点(15365438, 5006384)。",['尚未接入井位、储层或专家盲评外部证据'],"POLYGON ((15361126.94 4998944.148, 15361126.94 5001944.148, 15358126.94 5001944.148, 15358126.94 5004944.148, 15358126.94 5007944.148, 15361126.94 5007944.148, 15364126.94 5007944.148, 15367126.94 5007944.148, 15367126.94 5004944.148, 15370126.94 5004944.148, 15370126.94 5001944.148, 15367126.94 5001944.148, 15364126.94 5001944.148, 15364126.94 4998944.148, 15361126.94 4998944.148))"
T064,一级,15446438.105,5001884.4325,15446438.105,5003384.4325,36000000.0,9000.0,0.5472932900986838,0.5480646026708894,0.777980828853382,0.0,0.5,1.0,1.0,喜山期|海西期,4,internal_supported,"由4个高值网格组成；支持时期为喜山期|海西期；参数稳定率1.00；最高分代表点(15446438, 5003384)。",['尚未接入井位、储层或专家盲评外部证据'],"POLYGON ((15445126.94 4995944.148, 15445126.94 4998944.148, 15445126.94 5001944.148, 15445126.94 5004944.148, 15445126.94 5007944.148, 15448126.94 5007944.148, 15448126.94 5004944.148, 15448126.94 5001944.148, 15448126.94 4998944.148, 15448126.94 4995944.148, 15445126.94 4995944.148))"
T065,一级,15414938.105,5000384.4325,15416438.105,5003384.4325,72000000.0,9000.0,0.5461567414472552,0.5473163441390361,0.7747335469921579,0.0,0.5,1.0,1.0,喜山期|海西期,8,internal_supported,"由8个高值网格组成；支持时期为喜山期|海西期；参数稳定率1.00；最高分代表点(15416438, 5003384)。",['尚未接入井位、储层或专家盲评外部证据'],"POLYGON ((15418126.94 4995944.148, 15415126.94 4995944.148, 15412126.94 4995944.148, 15412126.94 4998944.148, 15409126.94 4998944.148, 15409126.94 5001944.148, 15412126.94 5001944.148, 15412126.94 5004944.148, 15415126.94 5004944.148, 15418126.94 5004944.148, 15418126.94 5001944.148, 15421126.94 5001944.148, 15421126.94 4998944.148, 15418126.94 4998944.148, 15418126.94 4995944.148))"
T066,不稳定候选,15386063.105,4998509.4325,15386438.105,5000384.4325,72000000.0,10816.653826391968,0.48934436696945194,0.5331289358433594,0.7195553341984342,0.0,0.5,0.75,0.5,喜山期|海西期,8,internal_partial,"由8个高值网格组成；支持时期为喜山期|海西期；参数稳定率0.75；最高分代表点(15386438, 5000384)。",['尚未接入井位、储层或专家盲评外部证据'],"POLYGON ((15391126.94 4992944.148, 15388126.94 4992944.148, 15385126.94 4992944.148, 15385126.94 4995944.148, 15382126.94 4995944.148, 15382126.94 4998944.148, 15382126.94 5001944.148, 15382126.94 5004944.148, 15385126.94 5004944.148, 15385126.94 5001944.148, 15388126.94 5001944.148, 15391126.94 5001944.148, 15391126.94 4998944.148, 15388126.94 4998944.148, 15388126.94 4995944.148, 15391126.94 4995944.148, 15391126.94 4992944.148))"
T067,不稳定候选,15395138.104999999,4997984.432499999,15401438.105,5000384.4325,90000000.0,12369.316876852981,0.45188506936972883,0.46280698968872586,0.719671626770654,0.0,0.5,0.5,0.0,喜山期|海西期,10,internal_partial,"由10个高值网格组成；支持时期为喜山期|海西期；参数稳定率0.50；最高分代表点(15401438, 5000384)。",['尚未接入井位、储层或专家盲评外部证据'],"POLYGON ((15394126.94 4992944.148, 15391126.94 4992944.148, 15391126.94 4995944.148, 15388126.94 4995944.148, 15388126.94 4998944.148, 15391126.94 4998944.148, 15391126.94 5001944.148, 15394126.94 5001944.148, 15397126.94 5001944.148, 15400126.94 5001944.148, 15403126.94 5001944.148, 15403126.94 4998944.148, 15400126.94 4998944.148, 15400126.94 4995944.148, 15397126.94 4995944.148, 15397126.94 4992944.148, 15394126.94 4992944.148))"
T068,不稳定候选,15404938.105000002,4997384.4325,15407438.105,5000384.4325,54000000.0,6708.203932499369,0.4766652739099764,0.5451292965673422,0.7547579254570754,0.0,0.5,0.5833333333333334,0.16666666666666666,喜山期|海西期,6,internal_partial,"由6个高值网格组成；支持时期为喜山期|海西期；参数稳定率0.58；最高分代表点(15407438, 5000384)。",['尚未接入井位、储层或专家盲评外部证据'],"POLYGON ((15409126.94 4995944.148, 15409126.94 4992944.148, 15406126.94 4992944.148, 15403126.94 4992944.148, 15403126.94 4995944.148, 15400126.94 4995944.148, 15400126.94 4998944.148, 15403126.94 4998944.148, 15403126.94 5001944.148, 15406126.94 5001944.148, 15409126.94 5001944.148, 15409126.94 4998944.148, 15406126.94 4998944.148, 15406126.94 4995944.148, 15409126.94 4995944.148))"
T069,不稳定候选,15430892.650454544,4996020.796136363,15425438.105,4997384.4325,99000000.0,10816.653826391968,0.4552618626310148,0.4650735062162213,0.7293196075171854,0.0,0.5,0.5,0.0,喜山期|海西期,11,internal_partial,"由11个高值网格组成；支持时期为喜山期|海西期；参数稳定率0.50；最高分代表点(15425438, 4997384)。",['尚未接入井位、储层或专家盲评外部证据'],"POLYGON ((15427126.94 4992944.148, 15427126.94 4995944.148, 15424126.94 4995944.148, 15424126.94 4998944.148, 15427126.94 4998944.148, 15427126.94 5001944.148, 15430126.94 5001944.148, 15433126.94 5001944.148, 15433126.94 4998944.148, 15436126.94 4998944.148, 15436126.94 4995944.148, 15436126.94 4992944.148, 15436126.94 4989944.148, 15433126.94 4989944.148, 15430126.94 4989944.148, 15430126.94 4992944.148, 15427126.94 4992944.148))"
T070,不稳定候选,15461438.104999997,4995884.432499999,15461438.105,4991384.4325,108000000.0,10816.653826391968,0.4531279766547285,0.4779839028663629,0.7232227904420813,0.0,0.5,0.5,0.0,喜山期|海西期,12,internal_partial,"由12个高值网格组成；支持时期为喜山期|海西期；参数稳定率0.50；最高分代表点(15461438, 4991384)。",['尚未接入井位、储层或专家盲评外部证据'],"POLYGON ((15457126.94 4992944.148, 15457126.94 4995944.148, 15457126.94 4998944.148, 15457126.94 5001944.148, 15460126.94 5001944.148, 15463126.94 5001944.148, 15466126.94 5001944.148, 15466126.94 4998944.148, 15466126.94 4995944.148, 15466126.94 4992944.148, 15466126.94 4989944.148, 15463126.94 4989944.148, 15460126.94 4989944.148, 15457126.94 4989944.148, 15457126.94 4992944.148))"
T071,二级,15421538.104999999,4993184.432499999,15419438.105,4997384.4325,90000000.0,10816.653826391968,0.519928266066667,0.5457878737549625,0.7640807601904774,0.0,0.5,0.85,0.7,喜山期|海西期,10,internal_supported,"由10个高值网格组成；支持时期为喜山期|海西期；参数稳定率0.85；最高分代表点(15419438, 4997384)。",['尚未接入井位、储层或专家盲评外部证据'],"POLYGON ((15427126.94 4986944.148, 15424126.94 4986944.148, 15421126.94 4986944.148, 15421126.94 4989944.148, 15418126.94 4989944.148, 15418126.94 4992944.148, 15415126.94 4992944.148, 15415126.94 4995944.148, 15418126.94 4995944.148, 15418126.94 4998944.148, 15421126.94 4998944.148, 15424126.94 4998944.148, 15424126.94 4995944.148, 15427126.94 4995944.148, 15427126.94 4992944.148, 15424126.94 4992944.148, 15424126.94 4989944.148, 15427126.94 4989944.148, 15427126.94 4986944.148))"
T072,不稳定候选,15411338.104999999,4992584.432499999,15410438.105,4997384.4325,90000000.0,10816.653826391968,0.4826944145582071,0.5445310187806276,0.7505554701663062,0.0,0.5,0.6333333333333333,0.3,喜山期|海西期,10,internal_partial,"由10个高值网格组成；支持时期为喜山期|海西期；参数稳定率0.63；最高分代表点(15410438, 4997384)。",['尚未接入井位、储层或专家盲评外部证据'],"POLYGON ((15412126.94 4986944.148, 15409126.94 4986944.148, 15409126.94 4989944.148, 15406126.94 4989944.148, 15406126.94 4992944.148, 15409126.94 4992944.148, 15409126.94 4995944.148, 15406126.94 4995944.148, 15406126.94 4998944.148, 15409126.94 4998944.148, 15412126.94 4998944.148, 15412126.94 4995944.148, 15415126.94 4995944.148, 15415126.94 4992944.148, 15418126.94 4992944.148, 15418126.94 4989944.148, 15415126.94 4989944.148, 15415126.94 4986944.148, 15412126.94 4986944.148))"
T073,不稳定候选,15449813.105,4988759.4325,15446438.105,4994384.4325,72000000.0,10816.653826391968,0.4784651114013848,0.543970580452242,0.7420431754325281,0.0,0.5,0.625,0.25,喜山期|海西期,8,internal_partial,"由8个高值网格组成；支持时期为喜山期|海西期；参数稳定率0.62；最高分代表点(15446438, 4994384)。",['尚未接入井位、储层或专家盲评外部证据'],"POLYGON ((15454126.94 4983944.148, 15451126.94 4983944.148, 15448126.94 4983944.148, 15448126.94 4986944.148, 15445126.94 4986944.148, 15445126.94 4989944.148, 15445126.94 4992944.148, 15445126.94 4995944.148, 15448126.94 4995944.148, 15448126.94 4992944.148, 15448126.94 4989944.148, 15451126.94 4989944.148, 15454126.94 4989944.148, 15457126.94 4989944.148, 15457126.94 4986944.148, 15454126.94 4986944.148, 15454126.94 4983944.148))"
T074,不稳定候选,15401063.105,4988384.4325,15401438.105,4994384.4325,144000000.0,13416.407864998739,0.44626335381643184,0.4575047493003138,0.7036095823326625,0.0,0.5,0.5,0.0,喜山期|海西期,16,internal_partial,"由16个高值网格组成；支持时期为喜山期|海西期；参数稳定率0.50；最高分代表点(15401438, 4994384)。",['尚未接入井位、储层或专家盲评外部证据'],"POLYGON ((15394126.94 4983944.148, 15394126.94 4986944.148, 15397126.94 4986944.148, 15397126.94 4989944.148, 15394126.94 4989944.148, 15394126.94 4992944.148, 15397126.94 4992944.148, 15397126.94 4995944.148, 15400126.94 4995944.148, 15403126.94 4995944.148, 15403126.94 4992944.148, 15406126.94 4992944.148, 15406126.94 4989944.148, 15409126.94 4989944.148, 15409126.94 4986944.148, 15406126.94 4986944.148, 15406126.94 4983944.148, 15406126.94 4980944.148, 15403126.94 4980944.148, 15400126.94 4980944.148, 15400126.94 4983944.148, 15397126.94 4983944.148, 15394126.94 4983944.148))"
T075,二级,15438295.247857144,4988384.4325,15440438.105,4985384.4325,63000000.0,6708.203932499369,0.5147922546711318,0.5712996387189145,0.7463452174277236,0.0,0.5,0.8571428571428571,0.7142857142857143,喜山期|海西期,7,internal_supported,"由7个高值网格组成；支持时期为喜山期|海西期；参数稳定率0.86；最高分代表点(15440438, 4985384)。",['尚未接入井位、储层或专家盲评外部证据'],"POLYGON ((15442126.94 4983944.148, 15439126.94 4983944.148, 15436126.94 4983944.148, 15436126.94 4986944.148, 15433126.94 4986944.148, 15433126.94 4989944.148, 15436126.94 4989944.148, 15436126.94 4992944.148, 15439126.94 4992944.148, 15442126.94 4992944.148, 15442126.94 4989944.148, 15442126.94 4986944.148, 15442126.94 4983944.148))"
T076,不稳定候选,15462188.105,4987634.4325,15461438.105,4988384.4325,72000000.0,13416.407864998739,0.46022235055894806,0.476229029436609,0.7434924301684231,0.0,0.5,0.5,0.0,喜山期|海西期,8,internal_partial,"由8个高值网格组成；支持时期为喜山期|海西期；参数稳定率0.50；最高分代表点(15461438, 4988384)。",['尚未接入井位、储层或专家盲评外部证据'],"POLYGON ((15457126.94 4983944.148, 15454126.94 4983944.148, 15454126.94 4986944.148, 15457126.94 4986944.148, 15457126.94 4989944.148, 15460126.94 4989944.148, 15463126.94 4989944.148, 15466126.94 4989944.148, 15466126.94 4992944.148, 15469126.94 4992944.148, 15469126.94 4989944.148, 15469126.94 4986944.148, 15466126.94 4986944.148, 15466126.94 4983944.148, 15463126.94 4983944.148, 15463126.94 4986944.148, 15460126.94 4986944.148, 15460126.94 4983944.148, 15457126.94 4983944.148))"
T077,一级,15425738.104999999,4986584.432499999,15425438.105,4991384.4325,90000000.0,12369.316876852981,0.5385853577051826,0.5416826642182003,0.7531010220148076,0.0,0.5,1.0,1.0,喜山期|海西期,10,internal_supported,"由10个高值网格组成；支持时期为喜山期|海西期；参数稳定率1.00；最高分代表点(15425438, 4991384)。",['尚未接入井位、储层或专家盲评外部证据'],"POLYGON ((15424126.94 4980944.148, 15421126.94 4980944.148, 15421126.94 4983944.148, 15418126.94 4983944.148, 15418126.94 4986944.148, 15421126.94 4986944.148, 15424126.94 4986944.148, 15427126.94 4986944.148, 15427126.94 4989944.148, 15424126.94 4989944.148, 15424126.94 4992944.148, 15427126.94 4992944.148, 15430126.94 4992944.148, 15430126.94 4989944.148, 15433126.94 4989944.148, 15433126.94 4986944.148, 15430126.94 4986944.148, 15430126.94 4983944.148, 15427126.94 4983944.148, 15427126.94 4980944.148, 15424126.94 4980944.148))"
T078,不稳定候选,15413652.390714282,4983455.861071428,15416438.105,4985384.4325,126000000.0,13416.407864998739,0.47594006985371173,0.5349767078853009,0.7220736689697888,0.0,0.5,0.6547619047619048,0.35714285714285715,喜山期|海西期,14,internal_partial,"由14个高值网格组成；支持时期为喜山期|海西期；参数稳定率0.65；最高分代表点(15416438, 4985384)。",['尚未接入井位、储层或专家盲评外部证据'],"POLYGON ((15409126.94 4980944.148, 15406126.94 4980944.148, 15406126.94 4983944.148, 15406126.94 4986944.148, 15409126.94 4986944.148, 15412126.94 4986944.148, 15415126.94 4986944.148, 15415126.94 4989944.148, 15418126.94 4989944.148, 15421126.94 4989944.148, 15421126.94 4986944.148, 15418126.94 4986944.148, 15418126.94 4983944.148, 15421126.94 4983944.148, 15421126.94 4980944.148, 15418126.94 4980944.148, 15418126.94 4977944.148, 15415126.94 4977944.148, 15412126.94 4977944.148, 15409126.94 4977944.148, 15409126.94 4980944.148))"
T079,不稳定候选,15434438.104999997,4980884.432499999,15434438.105,4985384.4325,108000000.0,12369.316876852981,0.489899129886864,0.5411233226857084,0.7389975139624686,0.0,0.5,0.7083333333333334,0.4166666666666667,喜山期|海西期,12,internal_partial,"由12个高值网格组成；支持时期为喜山期|海西期；参数稳定率0.71；最高分代表点(15434438, 4985384)。",['尚未接入井位、储层或专家盲评外部证据'],"POLYGON ((15430126.94 4980944.148, 15427126.94 4980944.148, 15427126.94 4983944.148, 15430126.94 4983944.148, 15430126.94 4986944.148, 15433126.94 4986944.148, 15436126.94 4986944.148, 15436126.94 4983944.148, 15439126.94 4983944.148, 15439126.94 4980944.148, 15442126.94 4980944.148, 15442126.94 4977944.148, 15439126.94 4977944.148, 15439126.94 4974944.148, 15436126.94 4974944.148, 15433126.94 4974944.148, 15433126.94 4977944.148, 15430126.94 4977944.148, 15430126.94 4980944.148))"
T080,不稳定候选,15444438.104999997,4980134.432499999,15443438.105,4985384.4325,108000000.0,12369.316876852981,0.46656485970703826,0.4949630284031835,0.7616138848772523,0.0,0.5,0.5,0.0,喜山期|海西期,12,internal_partial,"由12个高值网格组成；支持时期为喜山期|海西期；参数稳定率0.50；最高分代表点(15443438, 4985384)。",['尚未接入井位、储层或专家盲评外部证据'],"POLYGON ((15439126.94 4980944.148, 15439126.94 4983944.148, 15442126.94 4983944.148, 15442126.94 4986944.148, 15445126.94 4986944.148, 15448126.94 4986944.148, 15448126.94 4983944.148, 15451126.94 4983944.148, 15451126.94 4980944.148, 15448126.94 4980944.148, 15448126.94 4977944.148, 15448126.94 4974944.148, 15445126.94 4974944.148, 15445126.94 4971944.148, 15442126.94 4971944.148, 15442126.94 4974944.148, 15439126.94 4974944.148, 15439126.94 4977944.148, 15442126.94 4977944.148, 15442126.94 4980944.148, 15439126.94 4980944.148))"
T081,不稳定候选,15425009.533571424,4976170.146785714,15425438.105,4979384.4325,126000000.0,13416.407864998739,0.4634073017706811,0.5300816103192129,0.706673923426436,0.0,0.5,0.6071428571428571,0.21428571428571427,喜山期|海西期,14,internal_partial,"由14个高值网格组成；支持时期为喜山期|海西期；参数稳定率0.61；最高分代表点(15425438, 4979384)。",['尚未接入井位、储层或专家盲评外部证据'],"POLYGON ((15418126.94 4977944.148, 15418126.94 4980944.148, 15421126.94 4980944.148, 15424126.94 4980944.148, 15427126.94 4980944.148, 15430126.94 4980944.148, 15430126.94 4977944.148, 15433126.94 4977944.148, 15433126.94 4974944.148, 15433126.94 4971944.148, 15430126.94 4971944.148, 15427126.94 4971944.148, 15424126.94 4971944.148, 15421126.94 4971944.148, 15418126.94 4971944.148, 15418126.94 4974944.148, 15418126.94 4977944.148))"
