scenario_id,baseline_target_id,candidate_present,internally_stable,scenario_target_id,total_score,rank,rank_percentile,centroid_shift_m,geometry_coverage,stable_geometry_coverage,geometry_present_25,geometry_present_50,stable_geometry_present_25
baseline,T001,True,False,T001,0.4789502917909561,23.0,0.6206896551724138,0.0,1.0,0.0,True,True,False
baseline,T002,True,True,T002,0.5332391142534804,3.0,0.9655172413793104,0.0,1.0,1.0,True,True,True
baseline,T003,True,True,T003,0.525313392090076,5.0,0.9310344827586207,0.0,1.0,1.0,True,True,True
baseline,T004,True,False,T004,0.4432701702505778,56.0,0.051724137931034475,0.0,1.0,0.0,True,True,False
baseline,T005,True,False,T005,0.4632120997826603,34.0,0.43103448275862066,0.0,1.0,0.0,True,True,False
baseline,T006,True,False,T006,0.4574681742039177,40.0,0.3275862068965517,0.0,1.0,0.0,True,True,False
baseline,T007,True,False,T007,0.4558944792691649,43.0,0.27586206896551724,0.0,1.0,0.0,True,True,False
baseline,T008,True,False,T008,0.4681537856693692,27.0,0.5517241379310345,0.0,1.0,0.0,True,True,False
baseline,T009,True,False,T009,0.4633166527652139,33.0,0.4482758620689655,0.0,1.0,0.0,True,True,False
baseline,T010,True,False,T010,0.4612480862652602,37.0,0.3793103448275862,0.0,1.0,0.0,True,True,False
baseline,T011,True,False,T011,0.4458121203915906,52.0,0.12068965517241381,0.0,1.0,0.0,True,True,False
baseline,T012,True,False,T012,0.473695865723631,26.0,0.5689655172413793,0.0,1.0,0.0,True,True,False
baseline,T013,True,False,T013,0.4427419402137525,57.0,0.03448275862068961,0.0,1.0,0.0,True,True,False
baseline,T014,True,False,T014,0.44180546879842,59.0,0.0,0.0,1.0,0.0,True,True,False
baseline,T015,True,True,T015,0.5037460287574079,11.0,0.8275862068965517,0.0,1.0,1.0,True,True,True
baseline,T016,True,False,T016,0.4589598166192085,39.0,0.3448275862068966,0.0,1.0,0.0,True,True,False
baseline,T017,True,False,T017,0.4625632816411688,35.0,0.4137931034482759,0.0,1.0,0.0,True,True,False
baseline,T018,True,False,T018,0.4657184883575986,31.0,0.48275862068965514,0.0,1.0,0.0,True,True,False
baseline,T019,True,False,T019,0.4434370877585274,55.0,0.06896551724137934,0.0,1.0,0.0,True,True,False
baseline,T020,True,False,T020,0.4827712902010513,20.0,0.6724137931034483,0.0,1.0,0.0,True,True,False
baseline,T021,True,False,T021,0.4658482584622155,30.0,0.5,0.0,1.0,0.0,True,True,False
baseline,T022,True,False,T022,0.4798315274501898,22.0,0.6379310344827587,0.0,1.0,0.0,True,True,False
baseline,T023,True,False,T023,0.4424827631126301,58.0,0.017241379310344862,0.0,1.0,0.0,True,True,False
baseline,T024,True,False,T024,0.4518010785681904,47.0,0.2068965517241379,0.0,1.0,0.0,True,True,False
baseline,T025,True,False,T025,0.4593694302789482,38.0,0.3620689655172413,0.0,1.0,0.0,True,True,False
baseline,T026,True,False,T026,0.5027259204371614,12.0,0.8103448275862069,0.0,1.0,0.0,True,True,False
baseline,T027,True,False,T027,0.4930666229418441,18.0,0.7068965517241379,0.0,1.0,0.0,True,True,False
baseline,T028,True,False,T028,0.4455201239414179,53.0,0.10344827586206895,0.0,1.0,0.0,True,True,False
baseline,T029,True,False,T029,0.4668410889376508,28.0,0.5344827586206897,0.0,1.0,0.0,True,True,False
baseline,T030,True,False,T030,0.4903312544698785,19.0,0.6896551724137931,0.0,1.0,0.0,True,True,False
baseline,T031,True,False,T031,0.4617116781255723,36.0,0.39655172413793105,0.0,1.0,0.0,True,True,False
baseline,T032,True,True,T032,0.5230023968254548,6.0,0.9137931034482758,0.0,1.0,1.0,True,True,True
baseline,T033,True,False,T033,0.4954914973470201,16.0,0.7413793103448276,0.0,1.0,0.0,True,True,False
baseline,T034,True,False,T034,0.4571475060222483,41.0,0.31034482758620685,0.0,1.0,0.0,True,True,False
baseline,T035,True,False,T035,0.4453375699831221,54.0,0.08620689655172409,0.0,1.0,0.0,True,True,False
baseline,T036,True,True,T036,0.514262097832801,8.0,0.8793103448275862,0.0,1.0,1.0,True,True,True
baseline,T037,True,False,T037,0.4480758958602744,49.0,0.1724137931034483,0.0,1.0,0.0,True,True,False
baseline,T038,True,True,T038,0.5487129577207815,1.0,1.0,0.0,1.0,1.0,True,True,True
baseline,T039,True,True,T039,0.5220964335157148,7.0,0.896551724137931,0.0,1.0,1.0,True,True,True
baseline,T040,True,False,T040,0.4534910019793394,44.0,0.2586206896551724,0.0,1.0,0.0,True,True,False
baseline,T041,True,False,T041,0.4461531321279642,51.0,0.13793103448275867,0.0,1.0,0.0,True,True,False
baseline,T042,True,False,T042,0.5005330819755696,13.0,0.7931034482758621,0.0,1.0,0.0,True,True,False
baseline,T043,True,False,T043,0.5128273678385169,9.0,0.8620689655172413,0.0,1.0,0.0,True,True,False
baseline,T044,True,False,T044,0.4943718634340491,17.0,0.7241379310344828,0.0,1.0,0.0,True,True,False
baseline,T045,True,False,T045,0.4506776393358284,48.0,0.18965517241379315,0.0,1.0,0.0,True,True,False
baseline,T046,True,False,T046,0.5040431804190943,10.0,0.8448275862068966,0.0,1.0,0.0,True,True,False
baseline,T047,True,False,T047,0.4962564852167774,15.0,0.7586206896551724,0.0,1.0,0.0,True,True,False
baseline,T048,True,True,T048,0.5472932900986838,2.0,0.9827586206896551,0.0,1.0,1.0,True,True,True
baseline,T049,True,False,T049,0.452230014115589,45.0,0.24137931034482762,0.0,1.0,0.0,True,True,False
baseline,T050,True,False,T050,0.4518850693697288,46.0,0.22413793103448276,0.0,1.0,0.0,True,True,False
baseline,T051,True,False,T051,0.4804334868151205,21.0,0.6551724137931034,0.0,1.0,0.0,True,True,False
baseline,T052,True,False,T052,0.4559657262164163,42.0,0.2931034482758621,0.0,1.0,0.0,True,True,False
baseline,T053,True,True,T053,0.5292568118859249,4.0,0.9482758620689655,0.0,1.0,1.0,True,True,True
baseline,T054,True,False,T054,0.4784651114013848,24.0,0.603448275862069,0.0,1.0,0.0,True,True,False
baseline,T055,True,False,T055,0.4462633538164318,50.0,0.15517241379310343,0.0,1.0,0.0,True,True,False
baseline,T056,True,False,T056,0.4990702811231732,14.0,0.7758620689655172,0.0,1.0,0.0,True,True,False
baseline,T057,True,False,T057,0.4759400698537117,25.0,0.5862068965517242,0.0,1.0,0.0,True,True,False
baseline,T058,True,False,T058,0.4665648597070382,29.0,0.5172413793103448,0.0,1.0,0.0,True,True,False
baseline,T059,True,False,T059,0.4634073017706811,32.0,0.4655172413793104,0.0,1.0,0.0,True,True,False
adjacency_tight,T001,True,False,T001,0.4789502917909561,23.0,0.6206896551724138,0.0,1.0,0.0,True,True,False
adjacency_tight,T002,True,True,T002,0.5332391142534804,3.0,0.9655172413793104,0.0,1.0,1.0,True,True,True
adjacency_tight,T003,True,True,T003,0.525313392090076,5.0,0.9310344827586207,0.0,1.0,1.0,True,True,True
adjacency_tight,T004,True,False,T004,0.4432701702505778,56.0,0.051724137931034475,0.0,1.0,0.0,True,True,False
adjacency_tight,T005,True,False,T005,0.4632120997826603,34.0,0.43103448275862066,0.0,1.0,0.0,True,True,False
adjacency_tight,T006,True,False,T006,0.4574681742039177,40.0,0.3275862068965517,0.0,1.0,0.0,True,True,False
adjacency_tight,T007,True,False,T007,0.4558944792691649,43.0,0.27586206896551724,0.0,1.0,0.0,True,True,False
adjacency_tight,T008,True,False,T008,0.4681537856693692,27.0,0.5517241379310345,0.0,1.0,0.0,True,True,False
adjacency_tight,T009,True,False,T009,0.4633166527652139,33.0,0.4482758620689655,0.0,1.0,0.0,True,True,False
adjacency_tight,T010,True,False,T010,0.4612480862652602,37.0,0.3793103448275862,0.0,1.0,0.0,True,True,False
adjacency_tight,T011,True,False,T011,0.4458121203915906,52.0,0.12068965517241381,0.0,1.0,0.0,True,True,False
adjacency_tight,T012,True,False,T012,0.473695865723631,26.0,0.5689655172413793,0.0,1.0,0.0,True,True,False
adjacency_tight,T013,True,False,T013,0.4427419402137525,57.0,0.03448275862068961,0.0,1.0,0.0,True,True,False
adjacency_tight,T014,True,False,T014,0.44180546879842,59.0,0.0,0.0,1.0,0.0,True,True,False
adjacency_tight,T015,True,True,T015,0.5037460287574079,11.0,0.8275862068965517,0.0,1.0,1.0,True,True,True
adjacency_tight,T016,True,False,T016,0.4589598166192085,39.0,0.3448275862068966,0.0,1.0,0.0,True,True,False
adjacency_tight,T017,True,False,T017,0.4625632816411688,35.0,0.4137931034482759,0.0,1.0,0.0,True,True,False
adjacency_tight,T018,True,False,T018,0.4657184883575986,31.0,0.48275862068965514,0.0,1.0,0.0,True,True,False
adjacency_tight,T019,True,False,T019,0.4434370877585274,55.0,0.06896551724137934,0.0,1.0,0.0,True,True,False
adjacency_tight,T020,True,False,T020,0.4827712902010513,20.0,0.6724137931034483,0.0,1.0,0.0,True,True,False
adjacency_tight,T021,True,False,T021,0.4658482584622155,30.0,0.5,0.0,1.0,0.0,True,True,False
adjacency_tight,T022,True,False,T022,0.4798315274501898,22.0,0.6379310344827587,0.0,1.0,0.0,True,True,False
adjacency_tight,T023,True,False,T023,0.4424827631126301,58.0,0.017241379310344862,0.0,1.0,0.0,True,True,False
adjacency_tight,T024,True,False,T024,0.4518010785681904,47.0,0.2068965517241379,0.0,1.0,0.0,True,True,False
adjacency_tight,T025,True,False,T025,0.4593694302789482,38.0,0.3620689655172413,0.0,1.0,0.0,True,True,False
adjacency_tight,T026,True,False,T026,0.5027259204371614,12.0,0.8103448275862069,0.0,1.0,0.0,True,True,False
adjacency_tight,T027,True,False,T027,0.4930666229418441,18.0,0.7068965517241379,0.0,1.0,0.0,True,True,False
adjacency_tight,T028,True,False,T028,0.4455201239414179,53.0,0.10344827586206895,0.0,1.0,0.0,True,True,False
adjacency_tight,T029,True,False,T029,0.4668410889376508,28.0,0.5344827586206897,0.0,1.0,0.0,True,True,False
adjacency_tight,T030,True,False,T030,0.4903312544698785,19.0,0.6896551724137931,0.0,1.0,0.0,True,True,False
adjacency_tight,T031,True,False,T031,0.4617116781255723,36.0,0.39655172413793105,0.0,1.0,0.0,True,True,False
adjacency_tight,T032,True,True,T032,0.5230023968254548,6.0,0.9137931034482758,0.0,1.0,1.0,True,True,True
adjacency_tight,T033,True,False,T033,0.4954914973470201,16.0,0.7413793103448276,0.0,1.0,0.0,True,True,False
adjacency_tight,T034,True,False,T034,0.4571475060222483,41.0,0.31034482758620685,0.0,1.0,0.0,True,True,False
adjacency_tight,T035,True,False,T035,0.4453375699831221,54.0,0.08620689655172409,0.0,1.0,0.0,True,True,False
adjacency_tight,T036,True,True,T036,0.514262097832801,8.0,0.8793103448275862,0.0,1.0,1.0,True,True,True
adjacency_tight,T037,True,False,T037,0.4480758958602744,49.0,0.1724137931034483,0.0,1.0,0.0,True,True,False
adjacency_tight,T038,True,True,T038,0.5487129577207815,1.0,1.0,0.0,1.0,1.0,True,True,True
adjacency_tight,T039,True,True,T039,0.5220964335157148,7.0,0.896551724137931,0.0,1.0,1.0,True,True,True
adjacency_tight,T040,True,False,T040,0.4534910019793394,44.0,0.2586206896551724,0.0,1.0,0.0,True,True,False
adjacency_tight,T041,True,False,T041,0.4461531321279642,51.0,0.13793103448275867,0.0,1.0,0.0,True,True,False
adjacency_tight,T042,True,False,T042,0.5005330819755696,13.0,0.7931034482758621,0.0,1.0,0.0,True,True,False
adjacency_tight,T043,True,False,T043,0.5128273678385169,9.0,0.8620689655172413,0.0,1.0,0.0,True,True,False
adjacency_tight,T044,True,False,T044,0.4943718634340491,17.0,0.7241379310344828,0.0,1.0,0.0,True,True,False
adjacency_tight,T045,True,False,T045,0.4506776393358284,48.0,0.18965517241379315,0.0,1.0,0.0,True,True,False
adjacency_tight,T046,True,False,T046,0.5040431804190943,10.0,0.8448275862068966,0.0,1.0,0.0,True,True,False
adjacency_tight,T047,True,False,T047,0.4962564852167774,15.0,0.7586206896551724,0.0,1.0,0.0,True,True,False
adjacency_tight,T048,True,True,T048,0.5472932900986838,2.0,0.9827586206896551,0.0,1.0,1.0,True,True,True
adjacency_tight,T049,True,False,T049,0.452230014115589,45.0,0.24137931034482762,0.0,1.0,0.0,True,True,False
adjacency_tight,T050,True,False,T050,0.4518850693697288,46.0,0.22413793103448276,0.0,1.0,0.0,True,True,False
adjacency_tight,T051,True,False,T051,0.4804334868151205,21.0,0.6551724137931034,0.0,1.0,0.0,True,True,False
adjacency_tight,T052,True,False,T052,0.4559657262164163,42.0,0.2931034482758621,0.0,1.0,0.0,True,True,False
adjacency_tight,T053,True,True,T053,0.5292568118859249,4.0,0.9482758620689655,0.0,1.0,1.0,True,True,True
adjacency_tight,T054,True,False,T054,0.4784651114013848,24.0,0.603448275862069,0.0,1.0,0.0,True,True,False
adjacency_tight,T055,True,False,T055,0.4462633538164318,50.0,0.15517241379310343,0.0,1.0,0.0,True,True,False
adjacency_tight,T056,True,False,T056,0.4990702811231732,14.0,0.7758620689655172,0.0,1.0,0.0,True,True,False
adjacency_tight,T057,True,False,T057,0.4759400698537117,25.0,0.5862068965517242,0.0,1.0,0.0,True,True,False
adjacency_tight,T058,True,False,T058,0.4665648597070382,29.0,0.5172413793103448,0.0,1.0,0.0,True,True,False
adjacency_tight,T059,True,False,T059,0.4634073017706811,32.0,0.4655172413793104,0.0,1.0,0.0,True,True,False
adjacency_loose,T001,True,False,T001,0.4789502917909561,23.0,0.6206896551724138,0.0,1.0,0.0,True,True,False
adjacency_loose,T002,True,True,T002,0.5332391142534804,3.0,0.9655172413793104,0.0,1.0,1.0,True,True,True
adjacency_loose,T003,True,True,T003,0.525313392090076,5.0,0.9310344827586207,0.0,1.0,1.0,True,True,True
adjacency_loose,T004,True,False,T004,0.4432701702505778,56.0,0.051724137931034475,0.0,1.0,0.0,True,True,False
adjacency_loose,T005,True,False,T005,0.4632120997826603,34.0,0.43103448275862066,0.0,1.0,0.0,True,True,False
adjacency_loose,T006,True,False,T006,0.4574681742039177,40.0,0.3275862068965517,0.0,1.0,0.0,True,True,False
adjacency_loose,T007,True,False,T007,0.4558944792691649,43.0,0.27586206896551724,0.0,1.0,0.0,True,True,False
adjacency_loose,T008,True,False,T008,0.4681537856693692,27.0,0.5517241379310345,0.0,1.0,0.0,True,True,False
adjacency_loose,T009,True,False,T009,0.4633166527652139,33.0,0.4482758620689655,0.0,1.0,0.0,True,True,False
adjacency_loose,T010,True,False,T010,0.4612480862652602,37.0,0.3793103448275862,0.0,1.0,0.0,True,True,False
adjacency_loose,T011,True,False,T011,0.4458121203915906,52.0,0.12068965517241381,0.0,1.0,0.0,True,True,False
adjacency_loose,T012,True,False,T012,0.473695865723631,26.0,0.5689655172413793,0.0,1.0,0.0,True,True,False
adjacency_loose,T013,True,False,T013,0.4427419402137525,57.0,0.03448275862068961,0.0,1.0,0.0,True,True,False
adjacency_loose,T014,True,False,T014,0.44180546879842,59.0,0.0,0.0,1.0,0.0,True,True,False
adjacency_loose,T015,True,True,T015,0.5037460287574079,11.0,0.8275862068965517,0.0,1.0,1.0,True,True,True
adjacency_loose,T016,True,False,T016,0.4589598166192085,39.0,0.3448275862068966,0.0,1.0,0.0,True,True,False
adjacency_loose,T017,True,False,T017,0.4625632816411688,35.0,0.4137931034482759,0.0,1.0,0.0,True,True,False
adjacency_loose,T018,True,False,T018,0.4657184883575986,31.0,0.48275862068965514,0.0,1.0,0.0,True,True,False
adjacency_loose,T019,True,False,T019,0.4434370877585274,55.0,0.06896551724137934,0.0,1.0,0.0,True,True,False
adjacency_loose,T020,True,False,T020,0.4827712902010513,20.0,0.6724137931034483,0.0,1.0,0.0,True,True,False
adjacency_loose,T021,True,False,T021,0.4658482584622155,30.0,0.5,0.0,1.0,0.0,True,True,False
adjacency_loose,T022,True,False,T022,0.4798315274501898,22.0,0.6379310344827587,0.0,1.0,0.0,True,True,False
adjacency_loose,T023,True,False,T023,0.4424827631126301,58.0,0.017241379310344862,0.0,1.0,0.0,True,True,False
adjacency_loose,T024,True,False,T024,0.4518010785681904,47.0,0.2068965517241379,0.0,1.0,0.0,True,True,False
adjacency_loose,T025,True,False,T025,0.4593694302789482,38.0,0.3620689655172413,0.0,1.0,0.0,True,True,False
adjacency_loose,T026,True,False,T026,0.5027259204371614,12.0,0.8103448275862069,0.0,1.0,0.0,True,True,False
adjacency_loose,T027,True,False,T027,0.4930666229418441,18.0,0.7068965517241379,0.0,1.0,0.0,True,True,False
adjacency_loose,T028,True,False,T028,0.4455201239414179,53.0,0.10344827586206895,0.0,1.0,0.0,True,True,False
adjacency_loose,T029,True,False,T029,0.4668410889376508,28.0,0.5344827586206897,0.0,1.0,0.0,True,True,False
adjacency_loose,T030,True,False,T030,0.4903312544698785,19.0,0.6896551724137931,0.0,1.0,0.0,True,True,False
adjacency_loose,T031,True,False,T031,0.4617116781255723,36.0,0.39655172413793105,0.0,1.0,0.0,True,True,False
adjacency_loose,T032,True,True,T032,0.5230023968254548,6.0,0.9137931034482758,0.0,1.0,1.0,True,True,True
adjacency_loose,T033,True,False,T033,0.4954914973470201,16.0,0.7413793103448276,0.0,1.0,0.0,True,True,False
adjacency_loose,T034,True,False,T034,0.4571475060222483,41.0,0.31034482758620685,0.0,1.0,0.0,True,True,False
adjacency_loose,T035,True,False,T035,0.4453375699831221,54.0,0.08620689655172409,0.0,1.0,0.0,True,True,False
adjacency_loose,T036,True,True,T036,0.514262097832801,8.0,0.8793103448275862,0.0,1.0,1.0,True,True,True
adjacency_loose,T037,True,False,T037,0.4480758958602744,49.0,0.1724137931034483,0.0,1.0,0.0,True,True,False
adjacency_loose,T038,True,True,T038,0.5487129577207815,1.0,1.0,0.0,1.0,1.0,True,True,True
adjacency_loose,T039,True,True,T039,0.5220964335157148,7.0,0.896551724137931,0.0,1.0,1.0,True,True,True
adjacency_loose,T040,True,False,T040,0.4534910019793394,44.0,0.2586206896551724,0.0,1.0,0.0,True,True,False
adjacency_loose,T041,True,False,T041,0.4461531321279642,51.0,0.13793103448275867,0.0,1.0,0.0,True,True,False
adjacency_loose,T042,True,False,T042,0.5005330819755696,13.0,0.7931034482758621,0.0,1.0,0.0,True,True,False
adjacency_loose,T043,True,False,T043,0.5128273678385169,9.0,0.8620689655172413,0.0,1.0,0.0,True,True,False
adjacency_loose,T044,True,False,T044,0.4943718634340491,17.0,0.7241379310344828,0.0,1.0,0.0,True,True,False
adjacency_loose,T045,True,False,T045,0.4506776393358284,48.0,0.18965517241379315,0.0,1.0,0.0,True,True,False
adjacency_loose,T046,True,False,T046,0.5040431804190943,10.0,0.8448275862068966,0.0,1.0,0.0,True,True,False
adjacency_loose,T047,True,False,T047,0.4962564852167774,15.0,0.7586206896551724,0.0,1.0,0.0,True,True,False
adjacency_loose,T048,True,True,T048,0.5472932900986838,2.0,0.9827586206896551,0.0,1.0,1.0,True,True,True
adjacency_loose,T049,True,False,T049,0.452230014115589,45.0,0.24137931034482762,0.0,1.0,0.0,True,True,False
adjacency_loose,T050,True,False,T050,0.4518850693697288,46.0,0.22413793103448276,0.0,1.0,0.0,True,True,False
adjacency_loose,T051,True,False,T051,0.4804334868151205,21.0,0.6551724137931034,0.0,1.0,0.0,True,True,False
adjacency_loose,T052,True,False,T052,0.4559657262164163,42.0,0.2931034482758621,0.0,1.0,0.0,True,True,False
adjacency_loose,T053,True,True,T053,0.5292568118859249,4.0,0.9482758620689655,0.0,1.0,1.0,True,True,True
adjacency_loose,T054,True,False,T054,0.4784651114013848,24.0,0.603448275862069,0.0,1.0,0.0,True,True,False
adjacency_loose,T055,True,False,T055,0.4462633538164318,50.0,0.15517241379310343,0.0,1.0,0.0,True,True,False
adjacency_loose,T056,True,False,T056,0.4990702811231732,14.0,0.7758620689655172,0.0,1.0,0.0,True,True,False
adjacency_loose,T057,True,False,T057,0.4759400698537117,25.0,0.5862068965517242,0.0,1.0,0.0,True,True,False
adjacency_loose,T058,True,False,T058,0.4665648597070382,29.0,0.5172413793103448,0.0,1.0,0.0,True,True,False
adjacency_loose,T059,True,False,T059,0.4634073017706811,32.0,0.4655172413793104,0.0,1.0,0.0,True,True,False
matching_tight,T001,False,False,,,,,,0.0,0.0,False,False,False
matching_tight,T002,False,False,,,,,,0.0,0.0,False,False,False
matching_tight,T003,False,False,,,,,,0.0,0.0,False,False,False
matching_tight,T004,True,False,T001,0.448720029616971,50.0,0.0,2545.5844122709127,0.5,0.0,True,True,False
matching_tight,T005,True,False,T002,0.4639813915084321,33.0,0.34693877551020413,300.0000000009313,0.9,0.0,True,True,False
matching_tight,T006,True,False,T003,0.4574681742039177,42.0,0.16326530612244894,0.0,1.0,0.0,True,True,False
matching_tight,T007,True,False,T004,0.4558944792691649,43.0,0.1428571428571429,0.0,1.0,0.0,True,True,False
matching_tight,T008,True,False,T005,0.4731831673822773,27.0,0.4693877551020408,2771.4185067397275,0.8571428571428571,0.0,True,True,False
matching_tight,T009,True,False,T006,0.457483236867523,41.0,0.18367346938775508,4883.646178831571,0.8,0.0,True,True,False
matching_tight,T010,False,False,,,,,,1.0,0.0,True,True,False
matching_tight,T011,True,False,T007,0.4491461612259788,49.0,0.020408163265306145,942.809041584478,0.6666666666666666,0.0,True,True,False
matching_tight,T012,True,False,T008,0.4759155432343013,24.0,0.5306122448979591,2751.54872901489,0.9285714285714286,0.0,True,True,False
matching_tight,T013,True,False,T009,0.4691696850315564,30.0,0.40816326530612246,7794.555923255701,0.4444444444444444,0.0,True,False,False
matching_tight,T014,False,False,,,,,,0.0,0.0,False,False,False
matching_tight,T015,False,False,,,,,,0.9166666666666666,0.0,True,True,False
matching_tight,T016,True,False,T010,0.4615125530792631,34.0,0.326530612244898,2525.8971178570464,1.0,0.0,True,True,False
matching_tight,T017,True,False,T012,0.4531815559320641,45.0,0.10204081632653061,5253.278859483964,1.0,0.0,True,True,False
matching_tight,T018,True,False,T015,0.4798950608479571,23.0,0.5510204081632653,6989.1369339699395,1.0,0.0,True,True,False
matching_tight,T019,False,False,,,,,,0.5,0.0,True,True,False
matching_tight,T020,True,False,T011,0.5010702056360937,15.0,0.7142857142857143,4898.549287698945,0.8666666666666667,0.2,True,True,False
matching_tight,T021,True,False,T014,0.471686679709833,28.0,0.44897959183673475,948.6832980505138,0.8,0.0,True,True,False
matching_tight,T022,True,False,T013,0.4906629997341575,20.0,0.6122448979591837,4986.795062962877,0.6,0.05,True,True,False
matching_tight,T023,False,False,,,,,,0.5,0.0,True,True,False
matching_tight,T024,False,False,,,,,,1.0,0.0,True,True,False
matching_tight,T025,True,False,T016,0.4733785584643278,26.0,0.4897959183673469,5062.114182829147,0.8333333333333334,0.0,True,True,False
matching_tight,T026,True,True,T020,0.5407259157549332,4.0,0.9387755102040817,6413.811706734516,0.8947368421052632,0.42105263157894735,True,True,True
matching_tight,T027,True,True,T022,0.5242666739090015,7.0,0.8775510204081632,4197.48602009624,0.7222222222222222,0.4444444444444444,True,True,True
matching_tight,T028,True,False,T017,0.4523456909562204,46.0,0.08163265306122447,6388.844624824757,0.7,0.0,True,True,False
matching_tight,T029,True,False,T018,0.4590021397385285,37.0,0.26530612244897955,4487.637339280194,0.6666666666666666,0.2222222222222222,True,True,False
matching_tight,T030,True,False,T025,0.5054056723759245,13.0,0.7551020408163265,7083.92767114324,0.8,0.2,True,True,False
matching_tight,T031,True,False,T024,0.4601680604679244,35.0,0.30612244897959184,1625.435577415874,0.9333333333333333,0.0,True,True,False
matching_tight,T032,True,True,T019,0.5279719681021577,6.0,0.8979591836734694,5614.267539047014,1.0,0.5,True,True,True
matching_tight,T033,True,True,T021,0.5462941181795835,3.0,0.9591836734693877,7666.741525563602,0.5454545454545454,0.45454545454545453,True,True,True
matching_tight,T034,False,False,,,,,,0.9090909090909091,0.0,True,True,False
matching_tight,T035,True,False,T023,0.4503585038415711,48.0,0.04081632653061229,4976.507309346912,0.5,0.0,True,True,False
matching_tight,T036,True,False,T027,0.4882657915976381,21.0,0.5918367346938775,4242.640687119285,1.0,0.4,True,True,True
matching_tight,T037,True,False,T029,0.4673707002771934,31.0,0.3877551020408163,3225.871975140985,0.625,0.0,True,True,False
matching_tight,T038,True,True,T026,0.5500668620704303,1.0,1.0,1529.7058540778355,1.0,0.8,True,True,True
matching_tight,T039,True,True,T030,0.5220964335157148,9.0,0.8367346938775511,0.0,1.0,1.0,True,True,True
matching_tight,T040,True,False,T031,0.4584923766809702,39.0,0.22448979591836737,2773.084924769051,0.8666666666666667,0.0,True,True,False
matching_tight,T041,True,False,T028,0.4586217258031158,38.0,0.24489795918367352,4018.014988080505,0.5555555555555556,0.0,True,True,False
matching_tight,T042,True,False,T033,0.5052403715248109,14.0,0.7346938775510203,1921.946292440684,1.0,0.0,True,True,False
matching_tight,T043,True,True,T034,0.5191692284685039,10.0,0.8163265306122449,2858.42700010151,1.0,0.5217391304347826,True,True,True
matching_tight,T044,True,False,T032,0.4964812742122045,17.0,0.6734693877551021,394.73684210591017,1.0,0.0,True,True,False
matching_tight,T045,True,False,T035,0.4658177666659006,32.0,0.36734693877551017,5474.378582236579,0.4444444444444444,0.0,True,False,False
matching_tight,T046,True,True,T039,0.5175282552611965,11.0,0.7959183673469388,2531.7977802368605,1.0,0.65,True,True,True
matching_tight,T047,True,False,T036,0.49229833292247,19.0,0.6326530612244898,685.160159703768,0.9444444444444444,0.0,True,True,False
matching_tight,T048,True,True,T038,0.5472932900986838,2.0,0.9795918367346939,0.0,1.0,1.0,True,True,True
matching_tight,T049,True,False,T037,0.458207931552044,40.0,0.20408163265306123,4597.704741378639,0.7777777777777778,0.0,True,True,False
matching_tight,T050,False,False,,,,,,0.9,0.1,True,True,False
matching_tight,T051,True,True,T040,0.5128383300220544,12.0,0.7755102040816326,5636.488268415938,1.0,0.375,True,True,True
matching_tight,T052,True,False,T041,0.4599053540004498,36.0,0.2857142857142857,1204.1594578758265,0.8,0.0,True,True,False
matching_tight,T053,True,True,T046,0.5382806150988055,5.0,0.9183673469387755,3578.0581325637495,1.0,0.45,True,True,True
matching_tight,T054,True,False,T047,0.4547704347002543,44.0,0.12244897959183676,3889.890743966982,1.0,0.5,True,True,True
matching_tight,T055,True,False,T042,0.4517838946708602,47.0,0.061224489795918324,3955.316833074185,0.625,0.0,True,True,False
matching_tight,T056,True,True,T045,0.5230602231039533,8.0,0.8571428571428572,8833.333877766887,0.9473684210526315,0.21052631578947367,True,True,False
matching_tight,T057,True,False,T048,0.4742759741288481,25.0,0.5102040816326531,1321.9111088092354,0.9285714285714286,0.07142857142857142,True,True,False
matching_tight,T058,True,False,T049,0.4709155318362263,29.0,0.4285714285714286,4354.952834051963,0.75,0.0,True,True,False
matching_tight,T059,True,False,T050,0.4964956727049632,16.0,0.6938775510204082,3920.62091282067,0.6428571428571429,0.0,True,True,False
matching_loose,T001,False,False,,,,,,0.0,0.0,False,False,False
matching_loose,T002,False,False,,,,,,0.0,0.0,False,False,False
matching_loose,T003,True,False,T001,0.5750293099438765,40.0,0.360655737704918,3137.6241444397974,0.6,0.0,True,True,False
matching_loose,T004,True,False,T003,0.5892785481571613,29.0,0.540983606557377,7175.605046659973,0.18989666666674118,0.0,False,False,False
matching_loose,T005,True,False,T005,0.6129038312113851,6.0,0.9180327868852459,3364.632507482947,0.8946400000000373,0.0,True,True,False
matching_loose,T006,False,False,,,,,,0.49106666666672877,0.0,True,False,False
matching_loose,T007,True,False,T006,0.6076605325536452,11.0,0.8360655737704918,1987.5727120354704,0.9821333333334575,0.0,True,True,False
matching_loose,T008,True,False,T009,0.6111257101842459,10.0,0.8524590163934427,3381.6353443200933,0.6698583333333954,0.0,True,True,False
matching_loose,T009,True,False,T011,0.6239683849936906,2.0,0.9836065573770492,2361.5946594669476,0.37703403844442956,0.0,True,False,False
matching_loose,T010,True,False,T015,0.5611547922398681,54.0,0.1311475409836066,7452.120380176358,0.49352564111115443,0.0,True,False,False
matching_loose,T011,True,False,T010,0.6115374867857206,9.0,0.8688524590163934,4977.81662173492,0.4466301995061561,0.0,True,False,False
matching_loose,T012,True,False,T012,0.5612975757585443,52.0,0.16393442622950816,1553.4400060862035,0.6355115384127534,0.0,True,True,False
matching_loose,T013,True,False,T017,0.594145190552608,24.0,0.6229508196721312,6044.822312161742,0.21010398864206353,0.0,False,False,False
matching_loose,T014,False,False,,,,,,0.0,0.0,False,False,False
matching_loose,T015,True,False,T016,0.593231457171307,25.0,0.6065573770491803,4996.870394117061,0.5389458333333541,0.0,True,True,False
matching_loose,T016,True,False,T013,0.5833319908661655,33.0,0.47540983606557374,6608.035289375894,0.23404192311122776,0.0,False,False,False
matching_loose,T017,False,False,,,,,,0.11036314111121653,0.0,False,False,False
matching_loose,T018,True,False,T018,0.5961788800018872,21.0,0.6721311475409837,4813.403640624275,0.5702813187301657,0.0,True,True,False
matching_loose,T019,False,False,,,,,,0.24009166666673915,0.0,False,False,False
matching_loose,T020,False,False,,,,,,0.8287744444444776,0.0,True,True,False
matching_loose,T021,True,False,T021,0.6009918158149995,15.0,0.7704918032786885,2686.5884777674923,0.8146661537776685,0.0,True,True,False
matching_loose,T022,True,False,T024,0.5690941789164486,45.0,0.2786885245901639,6139.870543067309,0.3771242948888727,0.0,True,False,False
matching_loose,T023,True,False,T023,0.559273801865849,55.0,0.11475409836065575,4264.219340700143,0.7247416666668529,0.0,True,True,False
matching_loose,T024,False,False,,,,,,0.4474756411114959,0.0,True,False,False
matching_loose,T025,True,False,T020,0.5920385672919306,27.0,0.5737704918032787,2552.3237575591293,0.9541236111111422,0.0,True,True,False
matching_loose,T026,True,False,T022,0.5830535884171347,34.0,0.4590163934426229,1296.863527541634,0.9754026315789343,0.0,True,True,False
matching_loose,T027,True,False,T025,0.581721349798731,36.0,0.42622950819672134,1332.1636165499822,0.6706403133333044,0.0,True,True,False
matching_loose,T028,False,False,,,,,,0.08989666666674118,0.0,False,False,False
matching_loose,T029,False,False,,,,,,0.6318960113582813,0.0,True,True,False
matching_loose,T030,True,False,T029,0.5735337060161133,41.0,0.34426229508196726,2293.4904953560526,0.8057269231110664,0.0,True,True,False
matching_loose,T031,True,False,T027,0.5964894362807723,20.0,0.6885245901639344,3350.872774708276,0.8898966666667412,0.0,True,True,False
matching_loose,T032,True,False,T026,0.6208846400582044,3.0,0.9672131147540983,5504.199952668011,0.9381147436111065,0.0,True,True,False
matching_loose,T033,False,False,,,,,,0.4460906759596592,0.0,True,False,False
matching_loose,T034,False,False,,,,,,0.0,0.0,False,False,False
matching_loose,T035,True,False,T030,0.5998266064555937,16.0,0.7540983606557377,4476.677917222885,0.8075611111112974,0.0,True,True,False
matching_loose,T036,True,False,T032,0.5989658975371205,17.0,0.7377049180327868,1436.9898870960315,1.0,0.0,True,True,False
matching_loose,T037,True,False,T031,0.5671002236812602,47.0,0.24590163934426235,6825.175613904365,0.7903190705557169,0.0,True,True,False
matching_loose,T038,True,False,T033,0.5951887103327453,22.0,0.6557377049180328,4047.6049429928344,0.9405719231111781,0.0,True,True,False
matching_loose,T039,True,False,T041,0.5867557224020039,30.0,0.5245901639344263,7335.00951266994,0.4747416666668529,0.0,True,False,False
matching_loose,T040,True,False,T034,0.6126193468201881,7.0,0.9016393442622951,5311.631502557588,0.8966322222222471,0.0,True,True,False
matching_loose,T041,True,False,T045,0.5621288078067967,51.0,0.180327868852459,6241.89666205798,0.6006354701235312,0.0,True,True,False
matching_loose,T042,True,False,T038,0.5840865499982936,32.0,0.4918032786885246,5327.4018954550365,0.9974476190476368,0.0,True,True,False
matching_loose,T043,True,False,T036,0.6044334445241437,13.0,0.8032786885245902,5660.520189571279,0.9122666666666721,0.0,True,True,False
matching_loose,T044,True,False,T037,0.5721443879767654,42.0,0.3278688524590164,3778.1128279667787,0.5455956140351398,0.0,True,True,False
matching_loose,T045,True,False,T040,0.5718188889328828,43.0,0.3114754098360656,4345.450417875512,0.7707260683951129,0.0,True,True,False
matching_loose,T046,True,False,T044,0.5943024682771694,23.0,0.639344262295082,6107.253183906094,0.9995082051111148,0.0,True,True,False
matching_loose,T047,True,False,T048,0.5560185232734352,58.0,0.06557377049180324,4166.793001693722,0.9754748575308407,0.0,True,True,False
matching_loose,T048,True,False,T047,0.6167746407524194,4.0,0.9508196721311475,3041.9859030892912,0.5846535255558537,0.0,True,True,False
matching_loose,T049,True,False,T051,0.5756498468321833,39.0,0.3770491803278688,5518.219820341301,0.8874501424691454,0.0,True,True,False
matching_loose,T050,True,False,T052,0.5633459214355552,50.0,0.19672131147540983,3593.2226988278458,1.0,0.0,True,True,False
matching_loose,T051,True,False,T049,0.6121708597479845,8.0,0.8852459016393442,5862.198366281757,1.0,0.06758509611107393,True,True,False
matching_loose,T052,True,False,T054,0.567914386779995,46.0,0.2622950819672131,1168.1796574786592,0.7487051282222311,0.0,True,True,False
matching_loose,T053,True,True,T057,0.6375544997680253,1.0,1.0,3440.301045785588,1.0,0.38730692311120296,True,True,True
matching_loose,T054,True,False,T056,0.6041459278548539,14.0,0.7868852459016393,1480.088632692443,0.7373708333334265,0.0,True,True,False
matching_loose,T055,True,False,T058,0.554767883237489,59.0,0.049180327868852514,5878.050213501494,0.8818165063888393,0.0,True,True,False
matching_loose,T056,True,False,T059,0.6163373230144648,5.0,0.9344262295081968,721.289686922904,0.9985419702924082,0.0004226720467810384,True,True,False
matching_loose,T057,True,False,T060,0.582892145141524,35.0,0.4426229508196722,4680.2820416837,0.9684676739682241,0.22348113555548813,True,True,False
matching_loose,T058,True,False,T061,0.5471388731777529,62.0,0.0,2698.1273633662513,0.7821657051852555,0.0,True,True,False
matching_loose,T059,True,False,T062,0.5612888355139346,53.0,0.14754098360655743,1944.523388819132,0.9613799450793863,0.002552380952363213,True,True,False
quantile_low,T001,True,False,T001,0.4789502917909561,20.0,0.7323943661971831,0.0,1.0,0.0,True,True,False
quantile_low,T002,True,False,T003,0.5065244735926007,7.0,0.9154929577464789,1274.7548783981963,1.0,0.0,True,True,False
quantile_low,T003,True,True,T004,0.525313392090076,4.0,0.9577464788732395,0.0,1.0,1.0,True,True,True
quantile_low,T004,True,False,T006,0.440085667245357,59.0,0.18309859154929575,5408.326913195984,1.0,0.0,True,True,False
quantile_low,T005,True,False,T009,0.453260827072892,47.0,0.352112676056338,3624.9137920792195,1.0,0.0,True,True,False
quantile_low,T006,True,False,T010,0.4573513288813866,39.0,0.46478873239436624,3000.0,1.0,0.0,True,True,False
quantile_low,T007,True,False,T011,0.454650703585861,41.0,0.43661971830985913,4500.0,1.0,0.0,True,True,False
quantile_low,T008,True,False,T012,0.4658441165343895,31.0,0.5774647887323944,1041.2414097953324,1.0,0.0,True,True,False
quantile_low,T009,True,False,T016,0.4607704580579447,36.0,0.5070422535211268,5979.594932398334,1.0,0.0,True,True,False
quantile_low,T010,True,False,T013,0.4538976057467927,44.0,0.3943661971830986,8149.8466243235725,1.0,0.0,True,True,False
quantile_low,T011,True,False,T015,0.4414270390614149,57.0,0.21126760563380287,528.6032853348793,1.0,0.0,True,True,False
quantile_low,T012,True,False,T014,0.478829617045009,21.0,0.7183098591549295,5152.335016517195,1.0,0.0,True,True,False
quantile_low,T013,True,False,T018,0.4330926955405246,67.0,0.07042253521126762,7453.559924999854,1.0,0.0,True,True,False
quantile_low,T014,True,False,T019,0.4358812920394902,64.0,0.11267605633802813,1631.9513798263208,1.0,0.0,True,True,False
quantile_low,T015,True,False,T021,0.4686019805886435,29.0,0.6056338028169015,3686.304785989341,1.0,0.0,True,True,False
quantile_low,T016,True,False,T020,0.4489405697900564,50.0,0.3098591549295775,3279.311558467921,1.0,0.0,True,True,False
quantile_low,T017,True,False,T024,0.4484779251256324,51.0,0.295774647887324,7071.067811869295,1.0,0.0,True,True,False
quantile_low,T018,True,False,T022,0.4678730079385232,30.0,0.5915492957746479,5162.447928248107,1.0,0.0,True,True,False
quantile_low,T019,True,False,T028,0.4508202322804788,48.0,0.3380281690140845,4103.656905737818,1.0,0.0,True,True,False
quantile_low,T020,True,False,T025,0.4580264135502798,37.0,0.49295774647887325,2830.4765735007554,1.0,0.06666666666666667,True,True,False
quantile_low,T021,True,False,T030,0.4413676583442489,58.0,0.19718309859154926,2710.523708712859,1.0,0.0,True,True,False
quantile_low,T022,True,False,T031,0.4772159815798916,22.0,0.704225352112676,5320.200454115692,1.0,0.0,True,True,False
quantile_low,T023,True,False,T032,0.4383520728746011,61.0,0.15492957746478875,6914.658342969666,1.0,0.0,True,True,False
quantile_low,T024,True,False,T026,0.4338131374328198,65.0,0.09859154929577463,5590.169943749474,1.0,0.0,True,True,False
quantile_low,T025,True,False,T027,0.4539587792330923,43.0,0.4084507042253521,2253.469547164632,1.0,0.0,True,True,False
quantile_low,T026,True,True,T033,0.5412708295467761,1.0,1.0,5457.1512285004355,1.0,0.42105263157894735,True,True,True
quantile_low,T027,True,False,T034,0.485029171288878,15.0,0.8028169014084507,2353.412151076658,1.0,0.0,True,True,False
quantile_low,T028,True,False,T037,0.4371489652514169,62.0,0.14084507042253525,4834.316109324427,1.0,0.0,True,True,False
quantile_low,T029,True,False,T035,0.489464250315053,12.0,0.8450704225352113,8564.299283781622,1.0,0.0,True,True,False
quantile_low,T030,True,False,T036,0.473284573617985,27.0,0.6338028169014085,1500.0,1.0,0.1,True,True,False
quantile_low,T031,True,False,T039,0.4626755116194982,33.0,0.5492957746478873,1044.0306508872193,1.0,0.0,True,True,False
quantile_low,T032,True,True,T038,0.5245720077188316,5.0,0.9436619718309859,2265.5711200489823,1.0,0.8125,True,True,True
quantile_low,T033,False,False,,,,,,1.0,0.0,True,True,False
quantile_low,T034,True,False,T040,0.4547475063779551,40.0,0.45070422535211263,2943.0940667883183,1.0,0.0,True,True,False
quantile_low,T035,True,False,T042,0.4432211657147175,54.0,0.2535211267605634,3605.5512754624397,1.0,0.0,True,True,False
quantile_low,T036,True,False,T044,0.4845352637869565,16.0,0.7887323943661972,4301.1626335214,1.0,0.4,True,True,True
quantile_low,T037,True,False,T043,0.4950990598987301,11.0,0.8591549295774648,4671.574185633,1.0,0.0,True,True,False
quantile_low,T038,True,True,T052,0.5172144469258726,6.0,0.9295774647887324,8119.4211616329285,1.0,0.3,True,True,True
quantile_low,T039,True,False,T041,0.4769517295774863,23.0,0.6901408450704225,5736.3969527918825,1.0,0.0,True,True,False
quantile_low,T040,True,False,T050,0.4537740129630055,45.0,0.3802816901408451,3992.492955535962,1.0,0.0,True,True,False
quantile_low,T041,True,False,T048,0.4484673558225736,52.0,0.2816901408450704,3291.2307039324623,1.0,0.0,True,True,False
quantile_low,T042,True,False,T049,0.5064773232379775,8.0,0.9014084507042254,5803.482356064116,1.0,0.42857142857142855,True,True,True
quantile_low,T043,True,True,T054,0.5267582314241657,3.0,0.971830985915493,4231.989526179442,1.0,0.391304347826087,True,True,True
quantile_low,T044,True,False,T046,0.4858133826377906,14.0,0.8169014084507042,5296.704356760612,1.0,0.0,True,True,False
quantile_low,T045,True,False,T055,0.4423488641372812,56.0,0.22535211267605637,4836.206042851462,1.0,0.0,True,True,False
quantile_low,T046,True,False,T056,0.4864995712050339,13.0,0.8309859154929577,2563.201123594605,1.0,0.15,True,True,False
quantile_low,T047,True,False,T060,0.4648519158702999,32.0,0.5633802816901409,5779.513628134774,1.0,0.6111111111111112,True,True,True
quantile_low,T048,True,False,T059,0.4733091412835419,26.0,0.647887323943662,2216.4660821857206,1.0,0.0,True,True,False
quantile_low,T049,True,False,T063,0.4815347145765682,18.0,0.7605633802816901,5706.331765876394,1.0,0.05555555555555555,True,True,False
quantile_low,T050,True,False,T058,0.457380576336646,38.0,0.47887323943661975,3424.551214455251,1.0,0.0,True,True,False
quantile_low,T051,True,False,T062,0.5014238819618181,10.0,0.8732394366197183,2125.722950185874,1.0,0.0625,True,True,False
quantile_low,T052,True,False,T061,0.4507563523427826,49.0,0.323943661971831,4348.236726507716,1.0,0.0,True,True,False
quantile_low,T053,True,True,T067,0.5269354032289826,2.0,0.9859154929577465,2500.2222123465654,1.0,0.55,True,True,True
quantile_low,T054,True,False,T068,0.4764354118950242,24.0,0.676056338028169,3391.676904162697,1.0,0.0,True,True,False
quantile_low,T055,True,False,T066,0.4424094311751335,55.0,0.23943661971830987,5031.566406495188,1.0,0.0,True,True,False
quantile_low,T056,True,False,T071,0.4812222382816843,19.0,0.7464788732394366,4912.531321927559,1.0,0.05263157894736842,True,True,False
quantile_low,T057,True,False,T070,0.4535486296025524,46.0,0.3661971830985915,5160.4615590770245,1.0,0.2857142857142857,True,True,True
quantile_low,T058,False,False,,,,,,1.0,0.0,True,True,False
quantile_low,T059,True,False,T072,0.4703431262271149,28.0,0.619718309859155,1066.6692871710259,1.0,0.0,True,True,False
quantile_high,T001,True,False,T001,0.4874760746320018,22.0,0.5531914893617021,670.8203932516029,0.8333333333333334,0.0,True,True,False
quantile_high,T002,False,False,,,,,,0.0,0.0,False,False,False
quantile_high,T003,True,True,T002,0.5471291815474764,1.0,1.0,1358.3077707224638,0.8,0.8,True,True,True
quantile_high,T004,False,False,,,,,,0.0,0.0,False,False,False
quantile_high,T005,True,False,T003,0.4639813915084321,37.0,0.23404255319148937,300.0000000009313,0.9,0.0,True,True,False
quantile_high,T006,True,False,T004,0.4574681742039177,43.0,0.1063829787234043,0.0,1.0,0.0,True,True,False
quantile_high,T007,True,False,T005,0.4558944792691649,45.0,0.06382978723404253,0.0,1.0,0.0,True,True,False
quantile_high,T008,True,False,T006,0.4868307900879309,23.0,0.5319148936170213,4651.533776216105,0.6428571428571429,0.0,True,True,False
quantile_high,T009,True,False,T007,0.4602603234607775,41.0,0.14893617021276595,5400.0,0.75,0.0,True,True,False
quantile_high,T010,False,False,,,,,,1.0,0.0,True,True,False
quantile_high,T011,True,False,T009,0.4520781870973627,47.0,0.021276595744680882,942.8090415831609,0.3333333333333333,0.0,True,False,False
quantile_high,T012,True,False,T010,0.4759155432343013,29.0,0.4042553191489362,2751.54872901489,0.9285714285714286,0.0,True,True,False
quantile_high,T013,True,False,T008,0.4725284496668178,31.0,0.36170212765957444,8586.890815515648,0.3333333333333333,0.0,True,False,False
quantile_high,T014,False,False,,,,,,0.0,0.0,False,False,False
quantile_high,T015,False,False,,,,,,0.9166666666666666,0.0,True,True,False
quantile_high,T016,True,False,T012,0.4650884184219284,35.0,0.276595744680851,2523.9445037506816,0.9,0.0,True,True,False
quantile_high,T017,True,False,T011,0.4631648032848293,38.0,0.21276595744680848,6112.073135733048,1.0,0.0,True,True,False
quantile_high,T018,True,False,T013,0.4898117933065506,21.0,0.574468085106383,8357.14285714738,1.0,0.0,True,True,False
quantile_high,T019,True,False,T016,0.4522967257102653,46.0,0.04255319148936165,6264.982043067341,0.3333333333333333,0.0,True,False,False
quantile_high,T020,True,False,T014,0.491836329892876,18.0,0.6382978723404256,5259.901377404902,0.8666666666666667,0.3333333333333333,True,True,True
quantile_high,T021,True,False,T015,0.4809250138637322,25.0,0.4893617021276596,1414.213562373095,0.6,0.0,True,True,False
quantile_high,T022,True,True,T020,0.5465883458646617,3.0,0.9574468085106383,6264.183905347222,0.55,0.1,True,True,False
quantile_high,T023,False,False,,,,,,0.125,0.0,False,False,False
quantile_high,T024,True,False,T017,0.478925807822093,27.0,0.44680851063829785,6082.762530302048,0.75,0.0,True,True,False
quantile_high,T025,True,False,T018,0.4730683013103751,30.0,0.3829787234042553,2915.4759474226503,0.8333333333333334,0.0,True,True,False
quantile_high,T026,True,True,T021,0.538446757436102,5.0,0.9148936170212766,6178.518096807476,0.8421052631578947,0.5263157894736842,True,True,True
quantile_high,T027,True,True,T023,0.5308961342800056,6.0,0.8936170212765957,4249.182927994815,0.6666666666666666,0.3888888888888889,True,True,True
quantile_high,T028,False,False,,,,,,0.4,0.0,True,False,False
quantile_high,T029,True,False,T019,0.4664068840307214,33.0,0.3191489361702128,6962.199524736204,0.5555555555555556,0.2222222222222222,True,True,False
quantile_high,T030,True,True,T022,0.5144212957764305,12.0,0.7659574468085106,4033.6475428575523,0.7,0.7,True,True,True
quantile_high,T031,True,False,T025,0.4569066203186561,44.0,0.08510638297872342,2363.1754776057887,0.8666666666666667,0.06666666666666667,True,True,False
quantile_high,T032,True,False,T030,0.4935291566649327,17.0,0.6595744680851063,7213.269023126754,1.0,0.625,True,True,True
quantile_high,T033,False,False,,,,,,0.5454545454545454,0.45454545454545453,True,True,True
quantile_high,T034,True,False,T027,0.4603822016362233,40.0,0.17021276595744683,3545.454545454194,0.7272727272727273,0.0,True,True,False
quantile_high,T035,True,False,T024,0.4489066413138523,48.0,0.0,1802.775637730445,0.3333333333333333,0.0,True,False,False
quantile_high,T036,True,False,T028,0.480516361169839,26.0,0.46808510638297873,3689.51216287382,1.0,0.3,True,True,True
quantile_high,T037,False,False,,,,,,0.125,0.125,False,False,False
quantile_high,T038,True,True,T026,0.538951961123286,4.0,0.9361702127659575,2683.281572999748,1.0,1.0,True,True,True
quantile_high,T039,True,True,T029,0.5226273192880785,10.0,0.8085106382978724,3000.0,1.0,1.0,True,True,True
quantile_high,T040,False,False,,,,,,0.8,0.0,True,True,False
quantile_high,T041,False,False,,,,,,0.4444444444444444,0.0,True,False,False
quantile_high,T042,True,True,T031,0.5292539527015185,8.0,0.851063829787234,7037.523335227701,1.0,0.42857142857142855,True,True,True
quantile_high,T043,True,True,T033,0.5301610963362838,7.0,0.8723404255319149,2542.541633567324,1.0,0.391304347826087,True,True,True
quantile_high,T044,True,False,T032,0.4907965363231096,19.0,0.6170212765957447,859.1115593898444,1.0,0.0,True,True,False
quantile_high,T045,True,False,T036,0.4658177666659006,34.0,0.2978723404255319,5474.378582236579,0.3888888888888889,0.0,True,False,False
quantile_high,T046,True,False,T034,0.494056547314382,16.0,0.6808510638297872,3612.478373635832,1.0,0.3,True,True,True
quantile_high,T047,True,False,T038,0.4766190519312366,28.0,0.42553191489361697,2275.8847828988796,0.9444444444444444,0.3333333333333333,True,True,True
quantile_high,T048,True,True,T035,0.5469474947266749,2.0,0.9787234042553191,3000.0,1.0,0.75,True,True,True
quantile_high,T049,True,False,T037,0.4586640092433779,42.0,0.12765957446808507,4466.6977610844315,0.7222222222222222,0.1111111111111111,True,True,False
quantile_high,T050,True,False,T039,0.4687329291553418,32.0,0.34042553191489366,3000.0,0.8,0.0,True,True,False
quantile_high,T051,True,False,T040,0.4901906213853612,20.0,0.5957446808510638,5829.201646604895,1.0,0.25,True,True,True
quantile_high,T052,True,False,T042,0.4609259799436072,39.0,0.19148936170212771,2590.287983361698,0.75,0.0,True,True,False
quantile_high,T053,True,True,T044,0.5231517103530916,9.0,0.8297872340425532,2716.874353002315,1.0,1.0,True,True,True
quantile_high,T054,True,False,T043,0.4946686422920318,15.0,0.7021276595744681,2186.6069605669877,1.0,0.0,True,True,False
quantile_high,T055,False,False,,,,,,0.4375,0.0,True,False,False
quantile_high,T056,True,False,T046,0.5023183437604384,13.0,0.7446808510638299,1671.1044335153465,0.8421052631578947,0.10526315789473684,True,True,False
quantile_high,T057,True,False,T045,0.4646570345354912,36.0,0.25531914893617025,5244.120249751485,0.7857142857142857,0.2857142857142857,True,True,True
quantile_high,T058,True,False,T047,0.4821214207973139,24.0,0.5106382978723405,3643.813391634394,0.5833333333333334,0.0,True,True,False
quantile_high,T059,True,True,T048,0.5016521468880129,14.0,0.7234042553191489,3823.9310898059625,0.6428571428571429,0.5,True,True,True
cluster_eps_low,T001,True,False,T001,0.4789502917909561,23.0,0.6206896551724138,0.0,1.0,0.0,True,True,False
cluster_eps_low,T002,True,True,T002,0.5332391142534804,3.0,0.9655172413793104,0.0,1.0,1.0,True,True,True
cluster_eps_low,T003,True,True,T003,0.525313392090076,5.0,0.9310344827586207,0.0,1.0,1.0,True,True,True
cluster_eps_low,T004,True,False,T004,0.4432701702505778,56.0,0.051724137931034475,0.0,1.0,0.0,True,True,False
cluster_eps_low,T005,True,False,T005,0.4632120997826603,34.0,0.43103448275862066,0.0,1.0,0.0,True,True,False
cluster_eps_low,T006,True,False,T006,0.4574681742039177,40.0,0.3275862068965517,0.0,1.0,0.0,True,True,False
cluster_eps_low,T007,True,False,T007,0.4558944792691649,43.0,0.27586206896551724,0.0,1.0,0.0,True,True,False
cluster_eps_low,T008,True,False,T008,0.4681537856693692,27.0,0.5517241379310345,0.0,1.0,0.0,True,True,False
cluster_eps_low,T009,True,False,T009,0.4633166527652139,33.0,0.4482758620689655,0.0,1.0,0.0,True,True,False
cluster_eps_low,T010,True,False,T010,0.4612480862652602,37.0,0.3793103448275862,0.0,1.0,0.0,True,True,False
cluster_eps_low,T011,True,False,T011,0.4458121203915906,52.0,0.12068965517241381,0.0,1.0,0.0,True,True,False
cluster_eps_low,T012,True,False,T012,0.473695865723631,26.0,0.5689655172413793,0.0,1.0,0.0,True,True,False
cluster_eps_low,T013,True,False,T013,0.4427419402137525,57.0,0.03448275862068961,0.0,1.0,0.0,True,True,False
cluster_eps_low,T014,True,False,T014,0.44180546879842,59.0,0.0,0.0,1.0,0.0,True,True,False
cluster_eps_low,T015,True,True,T015,0.5037460287574079,11.0,0.8275862068965517,0.0,1.0,1.0,True,True,True
cluster_eps_low,T016,True,False,T016,0.4589598166192085,39.0,0.3448275862068966,0.0,1.0,0.0,True,True,False
cluster_eps_low,T017,True,False,T017,0.4625632816411688,35.0,0.4137931034482759,0.0,1.0,0.0,True,True,False
cluster_eps_low,T018,True,False,T018,0.4657184883575986,31.0,0.48275862068965514,0.0,1.0,0.0,True,True,False
cluster_eps_low,T019,True,False,T019,0.4434370877585274,55.0,0.06896551724137934,0.0,1.0,0.0,True,True,False
cluster_eps_low,T020,True,False,T020,0.4827712902010513,20.0,0.6724137931034483,0.0,1.0,0.0,True,True,False
cluster_eps_low,T021,True,False,T021,0.4658482584622155,30.0,0.5,0.0,1.0,0.0,True,True,False
cluster_eps_low,T022,True,False,T022,0.4798315274501898,22.0,0.6379310344827587,0.0,1.0,0.0,True,True,False
cluster_eps_low,T023,True,False,T023,0.4424827631126301,58.0,0.017241379310344862,0.0,1.0,0.0,True,True,False
cluster_eps_low,T024,True,False,T024,0.4518010785681904,47.0,0.2068965517241379,0.0,1.0,0.0,True,True,False
cluster_eps_low,T025,True,False,T025,0.4593694302789482,38.0,0.3620689655172413,0.0,1.0,0.0,True,True,False
cluster_eps_low,T026,True,False,T026,0.5027259204371614,12.0,0.8103448275862069,0.0,1.0,0.0,True,True,False
cluster_eps_low,T027,True,False,T027,0.4930666229418441,18.0,0.7068965517241379,0.0,1.0,0.0,True,True,False
cluster_eps_low,T028,True,False,T028,0.4455201239414179,53.0,0.10344827586206895,0.0,1.0,0.0,True,True,False
cluster_eps_low,T029,True,False,T029,0.4668410889376508,28.0,0.5344827586206897,0.0,1.0,0.0,True,True,False
cluster_eps_low,T030,True,False,T030,0.4903312544698785,19.0,0.6896551724137931,0.0,1.0,0.0,True,True,False
cluster_eps_low,T031,True,False,T031,0.4617116781255723,36.0,0.39655172413793105,0.0,1.0,0.0,True,True,False
cluster_eps_low,T032,True,True,T032,0.5230023968254548,6.0,0.9137931034482758,0.0,1.0,1.0,True,True,True
cluster_eps_low,T033,True,False,T033,0.4954914973470201,16.0,0.7413793103448276,0.0,1.0,0.0,True,True,False
cluster_eps_low,T034,True,False,T034,0.4571475060222483,41.0,0.31034482758620685,0.0,1.0,0.0,True,True,False
cluster_eps_low,T035,True,False,T035,0.4453375699831221,54.0,0.08620689655172409,0.0,1.0,0.0,True,True,False
cluster_eps_low,T036,True,True,T036,0.514262097832801,8.0,0.8793103448275862,0.0,1.0,1.0,True,True,True
cluster_eps_low,T037,True,False,T037,0.4480758958602744,49.0,0.1724137931034483,0.0,1.0,0.0,True,True,False
cluster_eps_low,T038,True,True,T038,0.5487129577207815,1.0,1.0,0.0,1.0,1.0,True,True,True
cluster_eps_low,T039,True,True,T039,0.5220964335157148,7.0,0.896551724137931,0.0,1.0,1.0,True,True,True
cluster_eps_low,T040,True,False,T040,0.4534910019793394,44.0,0.2586206896551724,0.0,1.0,0.0,True,True,False
cluster_eps_low,T041,True,False,T041,0.4461531321279642,51.0,0.13793103448275867,0.0,1.0,0.0,True,True,False
cluster_eps_low,T042,True,False,T042,0.5005330819755696,13.0,0.7931034482758621,0.0,1.0,0.0,True,True,False
cluster_eps_low,T043,True,False,T043,0.5128273678385169,9.0,0.8620689655172413,0.0,1.0,0.0,True,True,False
cluster_eps_low,T044,True,False,T044,0.4943718634340491,17.0,0.7241379310344828,0.0,1.0,0.0,True,True,False
cluster_eps_low,T045,True,False,T045,0.4506776393358284,48.0,0.18965517241379315,0.0,1.0,0.0,True,True,False
cluster_eps_low,T046,True,False,T046,0.5040431804190943,10.0,0.8448275862068966,0.0,1.0,0.0,True,True,False
cluster_eps_low,T047,True,False,T047,0.4962564852167774,15.0,0.7586206896551724,0.0,1.0,0.0,True,True,False
cluster_eps_low,T048,True,True,T048,0.5472932900986838,2.0,0.9827586206896551,0.0,1.0,1.0,True,True,True
cluster_eps_low,T049,True,False,T049,0.452230014115589,45.0,0.24137931034482762,0.0,1.0,0.0,True,True,False
cluster_eps_low,T050,True,False,T050,0.4518850693697288,46.0,0.22413793103448276,0.0,1.0,0.0,True,True,False
cluster_eps_low,T051,True,False,T051,0.4804334868151205,21.0,0.6551724137931034,0.0,1.0,0.0,True,True,False
cluster_eps_low,T052,True,False,T052,0.4559657262164163,42.0,0.2931034482758621,0.0,1.0,0.0,True,True,False
cluster_eps_low,T053,True,True,T053,0.5292568118859249,4.0,0.9482758620689655,0.0,1.0,1.0,True,True,True
cluster_eps_low,T054,True,False,T054,0.4784651114013848,24.0,0.603448275862069,0.0,1.0,0.0,True,True,False
cluster_eps_low,T055,True,False,T055,0.4462633538164318,50.0,0.15517241379310343,0.0,1.0,0.0,True,True,False
cluster_eps_low,T056,True,False,T056,0.4990702811231732,14.0,0.7758620689655172,0.0,1.0,0.0,True,True,False
cluster_eps_low,T057,True,False,T057,0.4759400698537117,25.0,0.5862068965517242,0.0,1.0,0.0,True,True,False
cluster_eps_low,T058,True,False,T058,0.4665648597070382,29.0,0.5172413793103448,0.0,1.0,0.0,True,True,False
cluster_eps_low,T059,True,False,T059,0.4634073017706811,32.0,0.4655172413793104,0.0,1.0,0.0,True,True,False
cluster_eps_high,T001,True,False,T001,0.4789502917909561,23.0,0.6206896551724138,0.0,1.0,0.0,True,True,False
cluster_eps_high,T002,True,True,T002,0.5332391142534804,3.0,0.9655172413793104,0.0,1.0,1.0,True,True,True
cluster_eps_high,T003,True,True,T003,0.525313392090076,5.0,0.9310344827586207,0.0,1.0,1.0,True,True,True
cluster_eps_high,T004,True,False,T004,0.4432701702505778,56.0,0.051724137931034475,0.0,1.0,0.0,True,True,False
cluster_eps_high,T005,True,False,T005,0.4632120997826603,34.0,0.43103448275862066,0.0,1.0,0.0,True,True,False
cluster_eps_high,T006,True,False,T006,0.4574681742039177,40.0,0.3275862068965517,0.0,1.0,0.0,True,True,False
cluster_eps_high,T007,True,False,T007,0.4558944792691649,43.0,0.27586206896551724,0.0,1.0,0.0,True,True,False
cluster_eps_high,T008,True,False,T008,0.4681537856693692,27.0,0.5517241379310345,0.0,1.0,0.0,True,True,False
cluster_eps_high,T009,True,False,T009,0.4633166527652139,33.0,0.4482758620689655,0.0,1.0,0.0,True,True,False
cluster_eps_high,T010,True,False,T010,0.4612480862652602,37.0,0.3793103448275862,0.0,1.0,0.0,True,True,False
cluster_eps_high,T011,True,False,T011,0.4458121203915906,52.0,0.12068965517241381,0.0,1.0,0.0,True,True,False
cluster_eps_high,T012,True,False,T012,0.473695865723631,26.0,0.5689655172413793,0.0,1.0,0.0,True,True,False
cluster_eps_high,T013,True,False,T013,0.4427419402137525,57.0,0.03448275862068961,0.0,1.0,0.0,True,True,False
cluster_eps_high,T014,True,False,T014,0.44180546879842,59.0,0.0,0.0,1.0,0.0,True,True,False
cluster_eps_high,T015,True,True,T015,0.5037460287574079,11.0,0.8275862068965517,0.0,1.0,1.0,True,True,True
cluster_eps_high,T016,True,False,T016,0.4589598166192085,39.0,0.3448275862068966,0.0,1.0,0.0,True,True,False
cluster_eps_high,T017,True,False,T017,0.4625632816411688,35.0,0.4137931034482759,0.0,1.0,0.0,True,True,False
cluster_eps_high,T018,True,False,T018,0.4657184883575986,31.0,0.48275862068965514,0.0,1.0,0.0,True,True,False
cluster_eps_high,T019,True,False,T019,0.4434370877585274,55.0,0.06896551724137934,0.0,1.0,0.0,True,True,False
cluster_eps_high,T020,True,False,T020,0.4827712902010513,20.0,0.6724137931034483,0.0,1.0,0.0,True,True,False
cluster_eps_high,T021,True,False,T021,0.4658482584622155,30.0,0.5,0.0,1.0,0.0,True,True,False
cluster_eps_high,T022,True,False,T022,0.4798315274501898,22.0,0.6379310344827587,0.0,1.0,0.0,True,True,False
cluster_eps_high,T023,True,False,T023,0.4424827631126301,58.0,0.017241379310344862,0.0,1.0,0.0,True,True,False
cluster_eps_high,T024,True,False,T024,0.4518010785681904,47.0,0.2068965517241379,0.0,1.0,0.0,True,True,False
cluster_eps_high,T025,True,False,T025,0.4593694302789482,38.0,0.3620689655172413,0.0,1.0,0.0,True,True,False
cluster_eps_high,T026,True,False,T026,0.5027259204371614,12.0,0.8103448275862069,0.0,1.0,0.0,True,True,False
cluster_eps_high,T027,True,False,T027,0.4930666229418441,18.0,0.7068965517241379,0.0,1.0,0.0,True,True,False
cluster_eps_high,T028,True,False,T028,0.4455201239414179,53.0,0.10344827586206895,0.0,1.0,0.0,True,True,False
cluster_eps_high,T029,True,False,T029,0.4668410889376508,28.0,0.5344827586206897,0.0,1.0,0.0,True,True,False
cluster_eps_high,T030,True,False,T030,0.4903312544698785,19.0,0.6896551724137931,0.0,1.0,0.0,True,True,False
cluster_eps_high,T031,True,False,T031,0.4617116781255723,36.0,0.39655172413793105,0.0,1.0,0.0,True,True,False
cluster_eps_high,T032,True,True,T032,0.5230023968254548,6.0,0.9137931034482758,0.0,1.0,1.0,True,True,True
cluster_eps_high,T033,True,False,T033,0.4954914973470201,16.0,0.7413793103448276,0.0,1.0,0.0,True,True,False
cluster_eps_high,T034,True,False,T034,0.4571475060222483,41.0,0.31034482758620685,0.0,1.0,0.0,True,True,False
cluster_eps_high,T035,True,False,T035,0.4453375699831221,54.0,0.08620689655172409,0.0,1.0,0.0,True,True,False
cluster_eps_high,T036,True,True,T036,0.514262097832801,8.0,0.8793103448275862,0.0,1.0,1.0,True,True,True
cluster_eps_high,T037,True,False,T037,0.4480758958602744,49.0,0.1724137931034483,0.0,1.0,0.0,True,True,False
cluster_eps_high,T038,True,True,T038,0.5487129577207815,1.0,1.0,0.0,1.0,1.0,True,True,True
cluster_eps_high,T039,True,True,T039,0.5220964335157148,7.0,0.896551724137931,0.0,1.0,1.0,True,True,True
cluster_eps_high,T040,True,False,T040,0.4534910019793394,44.0,0.2586206896551724,0.0,1.0,0.0,True,True,False
cluster_eps_high,T041,True,False,T041,0.4461531321279642,51.0,0.13793103448275867,0.0,1.0,0.0,True,True,False
cluster_eps_high,T042,True,False,T042,0.5005330819755696,13.0,0.7931034482758621,0.0,1.0,0.0,True,True,False
cluster_eps_high,T043,True,False,T043,0.5128273678385169,9.0,0.8620689655172413,0.0,1.0,0.0,True,True,False
cluster_eps_high,T044,True,False,T044,0.4943718634340491,17.0,0.7241379310344828,0.0,1.0,0.0,True,True,False
cluster_eps_high,T045,True,False,T045,0.4506776393358284,48.0,0.18965517241379315,0.0,1.0,0.0,True,True,False
cluster_eps_high,T046,True,False,T046,0.5040431804190943,10.0,0.8448275862068966,0.0,1.0,0.0,True,True,False
cluster_eps_high,T047,True,False,T047,0.4962564852167774,15.0,0.7586206896551724,0.0,1.0,0.0,True,True,False
cluster_eps_high,T048,True,True,T048,0.5472932900986838,2.0,0.9827586206896551,0.0,1.0,1.0,True,True,True
cluster_eps_high,T049,True,False,T049,0.452230014115589,45.0,0.24137931034482762,0.0,1.0,0.0,True,True,False
cluster_eps_high,T050,True,False,T050,0.4518850693697288,46.0,0.22413793103448276,0.0,1.0,0.0,True,True,False
cluster_eps_high,T051,True,False,T051,0.4804334868151205,21.0,0.6551724137931034,0.0,1.0,0.0,True,True,False
cluster_eps_high,T052,True,False,T052,0.4559657262164163,42.0,0.2931034482758621,0.0,1.0,0.0,True,True,False
cluster_eps_high,T053,True,True,T053,0.5292568118859249,4.0,0.9482758620689655,0.0,1.0,1.0,True,True,True
cluster_eps_high,T054,True,False,T054,0.4784651114013848,24.0,0.603448275862069,0.0,1.0,0.0,True,True,False
cluster_eps_high,T055,True,False,T055,0.4462633538164318,50.0,0.15517241379310343,0.0,1.0,0.0,True,True,False
cluster_eps_high,T056,True,False,T056,0.4990702811231732,14.0,0.7758620689655172,0.0,1.0,0.0,True,True,False
cluster_eps_high,T057,True,False,T057,0.4759400698537117,25.0,0.5862068965517242,0.0,1.0,0.0,True,True,False
cluster_eps_high,T058,True,False,T058,0.4665648597070382,29.0,0.5172413793103448,0.0,1.0,0.0,True,True,False
cluster_eps_high,T059,True,False,T059,0.4634073017706811,32.0,0.4655172413793104,0.0,1.0,0.0,True,True,False
diameter_low,T001,True,False,T001,0.4789502917909561,35.0,0.575,0.0,1.0,0.0,True,True,False
diameter_low,T002,True,True,T002,0.5332391142534804,6.0,0.9375,0.0,1.0,1.0,True,True,True
diameter_low,T003,True,True,T003,0.525313392090076,9.0,0.9,0.0,1.0,1.0,True,True,True
diameter_low,T004,True,False,T004,0.4432701702505778,75.0,0.07499999999999996,0.0,1.0,0.0,True,True,False
diameter_low,T005,True,False,T007,0.4632120997826603,47.0,0.42500000000000004,0.0,1.0,0.0,True,True,False
diameter_low,T006,True,False,T008,0.4574681742039177,57.0,0.30000000000000004,0.0,1.0,0.0,True,True,False
diameter_low,T007,True,False,T009,0.4558944792691649,59.0,0.275,0.0,1.0,0.0,True,True,False
diameter_low,T008,True,False,T010,0.4814907554033736,33.0,0.6,3439.435911275499,1.0,0.0,True,True,False
diameter_low,T009,True,False,T013,0.4690232011740179,42.0,0.48750000000000004,2708.11452813912,1.0,0.0,True,True,False
diameter_low,T010,True,False,T012,0.4612480862652602,52.0,0.36250000000000004,0.0,1.0,0.0,True,True,False
diameter_low,T011,True,False,T014,0.4458121203915906,71.0,0.125,0.0,1.0,0.0,True,True,False
diameter_low,T012,True,False,T015,0.473695865723631,40.0,0.5125,0.0,1.0,0.0,True,True,False
diameter_low,T013,True,False,T016,0.4427419402137525,76.0,0.0625,0.0,1.0,0.0,True,True,False
diameter_low,T014,True,False,T017,0.44180546879842,78.0,0.03749999999999998,0.0,1.0,0.0,True,True,False
diameter_low,T015,True,True,T018,0.5037460287574079,18.0,0.7875,0.0,1.0,1.0,True,True,True
diameter_low,T016,True,False,T019,0.4589598166192085,56.0,0.3125,0.0,1.0,0.0,True,True,False
diameter_low,T017,True,False,T020,0.4625632816411688,48.0,0.4125,0.0,1.0,0.0,True,True,False
diameter_low,T018,True,False,T021,0.4657184883575986,45.0,0.44999999999999996,0.0,1.0,0.0,True,True,False
diameter_low,T019,True,False,T022,0.4434370877585274,74.0,0.08750000000000002,0.0,1.0,0.0,True,True,False
diameter_low,T020,True,False,T023,0.4854816711913849,28.0,0.6625,3182.8642760905486,1.0,0.0,True,True,False
diameter_low,T021,True,False,T026,0.4658482584622155,44.0,0.4625,0.0,1.0,0.0,True,True,False
diameter_low,T022,True,False,T025,0.4975064127740858,21.0,0.75,3911.521443120018,1.0,0.0,True,True,False
diameter_low,T023,True,False,T027,0.4424827631126301,77.0,0.050000000000000044,0.0,1.0,0.0,True,True,False
diameter_low,T024,True,False,T028,0.4518010785681904,63.0,0.22499999999999998,0.0,1.0,0.0,True,True,False
diameter_low,T025,True,False,T029,0.4593694302789482,54.0,0.3375,0.0,1.0,0.0,True,True,False
diameter_low,T026,True,False,T033,0.5103366945775107,17.0,0.8,3416.6976329032886,1.0,0.3157894736842105,True,True,True
diameter_low,T027,True,False,T034,0.494720620105632,22.0,0.7375,2713.893927523394,1.0,0.0,True,True,False
diameter_low,T028,True,False,T036,0.4455201239414179,72.0,0.11250000000000004,0.0,1.0,0.0,True,True,False
diameter_low,T029,True,False,T035,0.4880709665243965,27.0,0.675,4714.04520791159,1.0,0.0,True,True,False
diameter_low,T030,True,False,T038,0.4903312544698785,23.0,0.725,0.0,1.0,0.0,True,True,False
diameter_low,T031,True,False,T041,0.4617116781255723,51.0,0.375,0.0,1.0,0.0,True,True,False
diameter_low,T032,True,True,T042,0.5304148449409158,8.0,0.9125,2765.86333718726,1.0,1.0,True,True,True
diameter_low,T033,True,False,T046,0.4824774251549964,32.0,0.6125,3779.421603986155,1.0,0.36363636363636365,True,True,True
diameter_low,T034,True,False,T043,0.4571475060222483,58.0,0.2875,0.0,1.0,0.0,True,True,False
diameter_low,T035,True,False,T044,0.4453375699831221,73.0,0.09999999999999998,0.0,1.0,0.0,True,True,False
diameter_low,T036,True,True,T045,0.514262097832801,15.0,0.825,0.0,1.0,1.0,True,True,True
diameter_low,T037,True,False,T048,0.4480758958602744,67.0,0.17500000000000004,0.0,1.0,0.0,True,True,False
diameter_low,T038,True,True,T049,0.5487129577207815,1.0,1.0,0.0,1.0,1.0,True,True,True
diameter_low,T039,True,True,T052,0.5220964335157148,11.0,0.875,0.0,1.0,1.0,True,True,True
diameter_low,T040,True,False,T053,0.4497405040881664,65.0,0.19999999999999996,3231.098884284161,1.0,0.0,True,True,False
diameter_low,T041,True,False,T054,0.4461531321279642,70.0,0.13749999999999996,0.0,1.0,0.0,True,True,False
diameter_low,T042,True,False,T056,0.5005330819755696,20.0,0.7625,0.0,1.0,0.0,True,True,False
diameter_low,T043,True,True,T057,0.5320728798239,7.0,0.925,2943.76029968935,1.0,0.6086956521739131,True,True,True
diameter_low,T044,True,False,T059,0.4842844538409096,29.0,0.65,1944.4668777742406,1.0,0.2631578947368421,True,True,True
diameter_low,T045,True,False,T058,0.4415393056829348,79.0,0.025000000000000022,3851.6951535078856,1.0,0.0,True,True,False
diameter_low,T046,True,False,T061,0.4759674730669871,38.0,0.5375,3280.2438933672565,1.0,0.4,True,True,True
diameter_low,T047,True,True,T060,0.501786179814638,19.0,0.775,3597.8388574854825,1.0,0.5555555555555556,True,True,True
diameter_low,T048,True,True,T064,0.5472932900986838,2.0,0.9875,0.0,1.0,1.0,True,True,True
diameter_low,T049,True,False,T069,0.4552618626310148,60.0,0.26249999999999996,3219.331530064297,1.0,0.0,True,True,False
diameter_low,T050,True,False,T067,0.4518850693697288,62.0,0.23750000000000004,0.0,1.0,0.0,True,True,False
diameter_low,T051,True,False,T072,0.4826944145582071,31.0,0.625,3000.000000000559,1.0,0.0,True,True,False
diameter_low,T052,True,False,T070,0.4531279766547285,61.0,0.25,3313.6083051546607,1.0,0.0,True,True,False
diameter_low,T053,True,True,T071,0.519928266066667,12.0,0.8625,3911.521443120018,1.0,1.0,True,True,True
diameter_low,T054,True,False,T073,0.4784651114013848,36.0,0.5625,0.0,1.0,0.0,True,True,False
diameter_low,T055,True,False,T074,0.4462633538164318,69.0,0.15000000000000002,0.0,1.0,0.0,True,True,False
diameter_low,T056,True,False,T079,0.489899129886864,24.0,0.7125,3107.1582085544565,1.0,0.3684210526315789,True,True,True
diameter_low,T057,True,False,T078,0.4759400698537117,39.0,0.525,0.0,1.0,0.0,True,True,False
diameter_low,T058,True,False,T080,0.4665648597070382,43.0,0.475,0.0,1.0,0.0,True,True,False
diameter_low,T059,True,False,T081,0.4634073017706811,46.0,0.4375,0.0,1.0,0.0,True,True,False
diameter_high,T001,True,False,T001,0.4789502917909561,22.0,0.5800000000000001,0.0,1.0,0.0,True,True,False
diameter_high,T002,True,True,T002,0.5332391142534804,2.0,0.98,0.0,1.0,1.0,True,True,True
diameter_high,T003,True,True,T003,0.525313392090076,4.0,0.94,0.0,1.0,1.0,True,True,True
diameter_high,T004,True,False,T004,0.4432701702505778,49.0,0.040000000000000036,0.0,1.0,0.0,True,True,False
diameter_high,T005,True,False,T005,0.4632120997826603,33.0,0.36,0.0,1.0,0.0,True,True,False
diameter_high,T006,True,False,T006,0.4574681742039177,35.0,0.31999999999999995,0.0,1.0,0.0,True,True,False
diameter_high,T007,True,False,T007,0.4558944792691649,38.0,0.26,0.0,1.0,0.0,True,True,False
diameter_high,T008,True,False,T008,0.4666191858017895,27.0,0.48,2286.7061340039854,1.0,0.0,True,True,False
diameter_high,T009,True,False,T009,0.4633166527652139,32.0,0.38,0.0,1.0,0.0,True,True,False
diameter_high,T010,False,False,,,,,,1.0,0.0,True,True,False
diameter_high,T011,True,False,T010,0.4458121203915906,47.0,0.07999999999999996,0.0,1.0,0.0,True,True,False
diameter_high,T012,True,False,T011,0.473695865723631,25.0,0.52,0.0,1.0,0.0,True,True,False
diameter_high,T013,True,False,T012,0.4427419402137525,50.0,0.020000000000000018,0.0,1.0,0.0,True,True,False
diameter_high,T014,True,False,T013,0.44180546879842,51.0,0.0,0.0,1.0,0.0,True,True,False
diameter_high,T015,True,True,T014,0.5037460287574079,10.0,0.8200000000000001,0.0,1.0,1.0,True,True,True
diameter_high,T016,True,False,T015,0.4569144628903461,36.0,0.30000000000000004,2754.8843451415623,1.0,0.0,True,True,False
diameter_high,T017,False,False,,,,,,1.0,0.0,True,True,False
diameter_high,T018,True,False,T016,0.4657184883575986,30.0,0.42000000000000004,0.0,1.0,0.0,True,True,False
diameter_high,T019,True,False,T017,0.4434370877585274,48.0,0.06000000000000005,0.0,1.0,0.0,True,True,False
diameter_high,T020,True,False,T019,0.4827712902010513,18.0,0.6599999999999999,0.0,1.0,0.0,True,True,False
diameter_high,T021,True,False,T020,0.4658482584622155,29.0,0.43999999999999995,0.0,1.0,0.0,True,True,False
diameter_high,T022,True,False,T021,0.4798315274501898,21.0,0.6,0.0,1.0,0.0,True,True,False
diameter_high,T023,True,False,T018,0.4491762692888097,44.0,0.14,4031.1288741455783,1.0,0.0,True,True,False
diameter_high,T024,False,False,,,,,,1.0,0.0,True,True,False
diameter_high,T025,True,False,T022,0.4593694302789482,34.0,0.33999999999999997,0.0,1.0,0.0,True,True,False
diameter_high,T026,True,False,T023,0.5027259204371614,11.0,0.8,0.0,1.0,0.0,True,True,False
diameter_high,T027,True,False,T024,0.4930666229418441,16.0,0.7,0.0,1.0,0.0,True,True,False
diameter_high,T028,False,False,,,,,,1.0,0.0,True,True,False
diameter_high,T029,True,False,T025,0.4668410889376508,26.0,0.5,0.0,1.0,0.0,True,True,False
diameter_high,T030,True,False,T026,0.4903312544698785,17.0,0.6799999999999999,0.0,1.0,0.0,True,True,False
diameter_high,T031,True,False,T027,0.4552350564519105,39.0,0.24,3720.8601156217546,1.0,0.0,True,True,False
diameter_high,T032,True,True,T028,0.5230023968254548,5.0,0.92,0.0,1.0,1.0,True,True,True
diameter_high,T033,True,True,T031,0.5025861469920053,12.0,0.78,2504.8712871692005,1.0,1.0,True,True,True
diameter_high,T034,True,False,T029,0.4529792933025567,41.0,0.19999999999999996,3517.0298120486636,1.0,0.0,True,True,False
diameter_high,T035,False,False,,,,,,1.0,0.0,True,True,False
diameter_high,T036,True,True,T030,0.514262097832801,6.0,0.9,0.0,1.0,1.0,True,True,True
diameter_high,T037,False,False,,,,,,1.0,0.0,True,True,False
diameter_high,T038,True,False,T032,0.5039853746716673,9.0,0.84,4776.097895889914,1.0,0.0,True,True,False
diameter_high,T039,False,False,,,,,,1.0,1.0,True,True,True
diameter_high,T040,True,False,T033,0.4534910019793394,40.0,0.21999999999999997,0.0,1.0,0.0,True,True,False
diameter_high,T041,True,False,T034,0.4461531321279642,46.0,0.09999999999999998,0.0,1.0,0.0,True,True,False
diameter_high,T042,True,False,T035,0.5005330819755696,13.0,0.76,0.0,1.0,0.0,True,True,False
diameter_high,T043,True,False,T036,0.5128273678385169,7.0,0.88,0.0,1.0,0.0,True,True,False
diameter_high,T044,True,False,T037,0.4943718634340491,15.0,0.72,0.0,1.0,0.0,True,True,False
diameter_high,T045,True,False,T038,0.4506776393358284,43.0,0.16000000000000003,0.0,1.0,0.0,True,True,False
diameter_high,T046,True,False,T039,0.5040431804190943,8.0,0.86,0.0,1.0,0.0,True,True,False
diameter_high,T047,True,False,T041,0.4804095509856886,20.0,0.62,3360.6449143552563,1.0,0.0,True,True,False
diameter_high,T048,True,True,T040,0.5472932900986838,1.0,1.0,0.0,1.0,1.0,True,True,True
diameter_high,T049,True,False,T042,0.452230014115589,42.0,0.18000000000000005,0.0,1.0,0.0,True,True,False
diameter_high,T050,False,False,,,,,,1.0,0.0,True,True,False
diameter_high,T051,True,False,T043,0.4804334868151205,19.0,0.64,0.0,1.0,0.0,True,True,False
diameter_high,T052,True,False,T044,0.4559657262164163,37.0,0.28,0.0,1.0,0.0,True,True,False
diameter_high,T053,True,True,T045,0.5292568118859249,3.0,0.96,0.0,1.0,1.0,True,True,True
diameter_high,T054,True,False,T046,0.4784651114013848,23.0,0.56,0.0,1.0,0.0,True,True,False
diameter_high,T055,True,False,T047,0.4462633538164318,45.0,0.12,0.0,1.0,0.0,True,True,False
diameter_high,T056,True,False,T048,0.4990702811231732,14.0,0.74,0.0,1.0,0.0,True,True,False
diameter_high,T057,True,False,T049,0.4759400698537117,24.0,0.54,0.0,1.0,0.0,True,True,False
diameter_high,T058,True,False,T050,0.4665648597070382,28.0,0.45999999999999996,0.0,1.0,0.0,True,True,False
diameter_high,T059,True,False,T051,0.4634073017706811,31.0,0.4,0.0,1.0,0.0,True,True,False
weight_topology,T001,True,False,T001,0.5223866388960645,23.0,0.6333333333333333,0.0,1.0,0.0,True,True,False
weight_topology,T002,True,True,T002,0.5757030370072219,3.0,0.9666666666666667,0.0,1.0,1.0,True,True,True
weight_topology,T003,True,True,T003,0.5677106249949329,4.0,0.95,0.0,1.0,1.0,True,True,True
weight_topology,T004,True,False,T004,0.4830671522287118,55.0,0.09999999999999998,805.5363982383792,0.9,0.0,True,True,False
weight_topology,T005,True,False,T005,0.5087452271930908,32.0,0.4833333333333333,0.0,1.0,0.0,True,True,False
weight_topology,T006,True,False,T006,0.5002612789215205,41.0,0.33333333333333337,0.0,1.0,0.0,True,True,False
weight_topology,T007,True,False,T007,0.4982379568625526,43.0,0.30000000000000004,0.0,1.0,0.0,True,True,False
weight_topology,T008,True,False,T008,0.513999922234244,27.0,0.5666666666666667,0.0,1.0,0.0,True,True,False
weight_topology,T009,True,False,T009,0.5083302019069234,33.0,0.4666666666666667,0.0,1.0,0.0,True,True,False
weight_topology,T010,True,False,T010,0.5051211658575324,37.0,0.4,0.0,1.0,0.0,True,True,False
weight_topology,T011,True,False,T011,0.4852749240199571,52.0,0.15000000000000002,0.0,1.0,0.0,True,True,False
weight_topology,T012,True,False,T012,0.5187314911278695,24.0,0.6166666666666667,1702.614123066437,1.0,0.0,True,True,False
weight_topology,T013,True,False,T013,0.4813275495055939,57.0,0.06666666666666665,0.0,1.0,0.0,True,True,False
weight_topology,T014,True,False,T014,0.4801235148287379,60.0,0.01666666666666672,0.0,1.0,0.0,True,True,False
weight_topology,T015,True,True,T015,0.539623169632653,16.0,0.75,1581.1388300841897,1.0,0.8333333333333334,True,True,True
weight_topology,T016,True,False,T016,0.503073255984907,40.0,0.35,773.1609003154773,1.0,0.0,True,True,False
weight_topology,T017,True,False,T017,0.5068121313408434,35.0,0.43333333333333335,0.0,1.0,0.0,True,True,False
weight_topology,T018,True,False,T019,0.5259088196172013,20.0,0.6833333333333333,5904.2703328461275,1.0,0.0,True,True,False
weight_topology,T019,True,False,T021,0.481290340427935,58.0,0.050000000000000044,4228.983036223407,1.0,0.0,True,True,False
weight_topology,T020,True,False,T024,0.5436987185813589,14.0,0.7833333333333333,2640.9517297341326,1.0,0.13333333333333333,True,True,False
weight_topology,T021,True,False,T020,0.504442266374497,39.0,0.3666666666666667,0.0,1.0,0.0,True,True,False
weight_topology,T022,True,False,T027,0.5287679515987358,19.0,0.7,7249.827584158439,1.0,0.0,True,True,False
weight_topology,T023,True,False,T022,0.4809943218041508,59.0,0.033333333333333326,0.0,1.0,0.0,True,True,False
weight_topology,T024,False,False,,,,,,1.0,0.0,True,True,False
weight_topology,T025,True,False,T023,0.4970529222773684,44.0,0.2833333333333333,1740.0510848211309,1.0,0.0,True,True,False
weight_topology,T026,True,False,T018,0.4860244003434415,50.0,0.18333333333333335,7593.654508635708,1.0,0.0,True,True,False
weight_topology,T027,True,False,T025,0.5245656950838085,22.0,0.65,4797.279321539499,1.0,0.0,True,True,False
weight_topology,T028,False,False,,,,,,1.0,0.0,True,True,False
weight_topology,T029,True,False,T026,0.512491395317679,29.0,0.5333333333333333,5145.116346812301,1.0,0.1111111111111111,True,True,False
weight_topology,T030,True,True,T029,0.5423903538748243,15.0,0.7666666666666666,1483.5030333636066,1.0,1.0,True,True,True
weight_topology,T031,True,False,T031,0.4922147132114339,47.0,0.23333333333333328,3689.2157025616534,1.0,0.0,True,True,False
weight_topology,T032,True,False,T035,0.5475349227725694,11.0,0.8333333333333334,5031.1529493745265,1.0,0.25,True,True,True
weight_topology,T033,True,False,T032,0.5255148585137889,21.0,0.6666666666666667,5619.917354764329,1.0,0.0,True,True,False
weight_topology,T034,True,False,T033,0.4998489912593741,42.0,0.31666666666666665,0.0,1.0,0.0,True,True,False
weight_topology,T035,True,False,T034,0.4846647877804975,54.0,0.1166666666666667,0.0,1.0,0.0,True,True,False
weight_topology,T036,True,False,T028,0.5442831028277877,13.0,0.8,7574.260458133938,1.0,0.0,True,True,False
weight_topology,T037,True,False,T030,0.4794502567420692,61.0,0.0,6070.850812847411,1.0,0.25,True,True,True
weight_topology,T038,True,True,T036,0.5776979814946599,2.0,0.9833333333333333,1627.8820596136322,1.0,1.0,True,True,True
weight_topology,T039,True,True,T037,0.5586294804542706,5.0,0.9333333333333333,0.0,1.0,1.0,True,True,True
weight_topology,T040,True,False,T038,0.4891010516654113,49.0,0.19999999999999996,3595.917824426203,1.0,0.0,True,True,False
weight_topology,T041,True,False,T039,0.485713367681009,51.0,0.16666666666666663,0.0,1.0,0.0,True,True,False
weight_topology,T042,True,False,T041,0.5455399519985641,12.0,0.8166666666666667,5074.546325357684,1.0,0.42857142857142855,True,True,True
weight_topology,T043,True,True,T045,0.554803852405494,8.0,0.8833333333333333,5320.851445696563,1.0,0.5217391304347826,True,True,True
weight_topology,T044,True,False,T042,0.5338919532533307,17.0,0.7333333333333334,323.49278797575965,1.0,0.0,True,True,False
weight_topology,T045,True,False,T044,0.4823971560030823,56.0,0.08333333333333337,4266.796873010557,1.0,0.0,True,True,False
weight_topology,T046,True,True,T049,0.5564191120757507,7.0,0.9,2531.7977802368605,1.0,0.65,True,True,True
weight_topology,T047,True,False,T051,0.5147398232289554,26.0,0.5833333333333333,4429.454173955372,1.0,0.5,True,True,True
weight_topology,T048,True,True,T048,0.5827836806763297,1.0,1.0,0.0,1.0,1.0,True,True,True
weight_topology,T049,True,False,T050,0.4957789553541971,45.0,0.2666666666666667,2194.0576311679256,1.0,0.1111111111111111,True,True,False
weight_topology,T050,True,False,T047,0.511600988288286,30.0,0.5166666666666666,4569.463863518345,1.0,0.1,True,True,False
weight_topology,T051,False,False,,,,,,1.0,0.375,True,True,True
weight_topology,T052,True,False,T052,0.4924369922827925,46.0,0.25,4310.452412448863,1.0,0.0,True,True,False
weight_topology,T053,True,True,T053,0.5565575985271476,6.0,0.9166666666666666,2267.156809752488,1.0,0.7,True,True,True
weight_topology,T054,True,False,T057,0.513423527410037,28.0,0.55,1709.2560143058809,1.0,0.0,True,True,False
weight_topology,T055,True,False,T054,0.4852118144060013,53.0,0.1333333333333333,1677.0509831248423,1.0,0.0,True,True,False
weight_topology,T056,True,True,T058,0.5498415140467207,9.0,0.8666666666666667,3344.749562272553,1.0,0.631578947368421,True,True,True
weight_topology,T057,True,False,T056,0.5054930535795704,36.0,0.41666666666666663,4976.3863037615465,1.0,0.14285714285714285,True,True,False
weight_topology,T058,True,False,T060,0.5047539801365615,38.0,0.3833333333333333,1520.6906325730238,1.0,0.08333333333333333,True,True,False
weight_topology,T059,True,False,T059,0.5317173164896324,18.0,0.7166666666666667,3622.8864352118935,1.0,0.0,True,True,False
weight_persistence,T001,True,False,T001,0.481756919552162,23.0,0.6206896551724138,0.0,1.0,0.0,True,True,False
weight_persistence,T002,True,True,T002,0.5288072323530163,3.0,0.9655172413793104,0.0,1.0,1.0,True,True,True
weight_persistence,T003,True,True,T003,0.5219382731447326,5.0,0.9310344827586207,0.0,1.0,1.0,True,True,True
weight_persistence,T004,True,False,T004,0.4508341475505008,56.0,0.051724137931034475,0.0,1.0,0.0,True,True,False
weight_persistence,T005,True,False,T005,0.4681171531449721,34.0,0.43103448275862066,0.0,1.0,0.0,True,True,False
weight_persistence,T006,True,False,T006,0.463139084310062,40.0,0.3275862068965517,0.0,1.0,0.0,True,True,False
weight_persistence,T007,True,False,T007,0.4617752153666095,43.0,0.27586206896551724,0.0,1.0,0.0,True,True,False
weight_persistence,T008,True,False,T008,0.47239994758012,27.0,0.5517241379310345,0.0,1.0,0.0,True,True,False
weight_persistence,T009,True,False,T009,0.4682077657298521,33.0,0.4482758620689655,0.0,1.0,0.0,True,True,False
weight_persistence,T010,True,False,T010,0.4664150080965588,37.0,0.3793103448275862,0.0,1.0,0.0,True,True,False
weight_persistence,T011,True,False,T011,0.4530371710060451,52.0,0.12068965517241381,0.0,1.0,0.0,True,True,False
weight_persistence,T012,True,False,T012,0.477203083627147,26.0,0.5689655172413793,0.0,1.0,0.0,True,True,False
weight_persistence,T013,True,False,T013,0.4503763481852521,57.0,0.03448275862068961,0.0,1.0,0.0,True,True,False
weight_persistence,T014,True,False,T014,0.4495647396252973,59.0,0.0,0.0,1.0,0.0,True,True,False
weight_persistence,T015,True,True,T015,0.5032465582564203,11.0,0.8275862068965517,0.0,1.0,1.0,True,True,True
weight_persistence,T016,True,False,T016,0.4644318410699807,39.0,0.3448275862068966,0.0,1.0,0.0,True,True,False
weight_persistence,T017,True,False,T017,0.4675548440890129,35.0,0.4137931034482759,0.0,1.0,0.0,True,True,False
weight_persistence,T018,True,False,T018,0.4702893565765854,31.0,0.48275862068965514,0.0,1.0,0.0,True,True,False
weight_persistence,T019,True,False,T019,0.4509788093907238,55.0,0.06896551724137934,0.0,1.0,0.0,True,True,False
weight_persistence,T020,True,False,T020,0.4850684515075778,20.0,0.6724137931034483,0.0,1.0,0.0,True,True,False
weight_persistence,T021,True,False,T021,0.4704018240005867,30.0,0.5,0.0,1.0,0.0,True,True,False
weight_persistence,T022,True,False,T022,0.4825206571234977,22.0,0.6379310344827587,0.0,1.0,0.0,True,True,False
weight_persistence,T023,True,False,T023,0.450151728030946,58.0,0.017241379310344862,0.0,1.0,0.0,True,True,False
weight_persistence,T024,True,False,T024,0.4582276014257649,47.0,0.2068965517241379,0.0,1.0,0.0,True,True,False
weight_persistence,T025,True,False,T025,0.4647868395750885,38.0,0.3620689655172413,0.0,1.0,0.0,True,True,False
weight_persistence,T026,True,False,T026,0.5023624643788732,12.0,0.8103448275862069,0.0,1.0,0.0,True,True,False
weight_persistence,T027,True,False,T027,0.4939910732162649,18.0,0.7068965517241379,0.0,1.0,0.0,True,True,False
weight_persistence,T028,True,False,T028,0.4527841074158954,53.0,0.10344827586206895,0.0,1.0,0.0,True,True,False
weight_persistence,T029,True,False,T029,0.4712622770792973,28.0,0.5344827586206897,0.0,1.0,0.0,True,True,False
weight_persistence,T030,True,False,T030,0.4916204205405613,19.0,0.6896551724137931,0.0,1.0,0.0,True,True,False
weight_persistence,T031,True,False,T031,0.4668167877088293,36.0,0.39655172413793105,0.0,1.0,0.0,True,True,False
weight_persistence,T032,True,True,T032,0.5199354105820608,6.0,0.9137931034482758,0.0,1.0,1.0,True,True,True
weight_persistence,T033,True,False,T033,0.4960926310340839,16.0,0.7413793103448276,0.0,1.0,0.0,True,True,False
weight_persistence,T034,True,False,T034,0.4628611718859484,41.0,0.31034482758620685,0.0,1.0,0.0,True,True,False
weight_persistence,T035,True,False,T035,0.4526258939853724,54.0,0.08620689655172409,0.0,1.0,0.0,True,True,False
weight_persistence,T036,True,True,T036,0.5123604847884274,8.0,0.8793103448275862,0.0,1.0,1.0,True,True,True
weight_persistence,T037,True,False,T037,0.4549991097455712,49.0,0.1724137931034483,0.0,1.0,0.0,True,True,False
weight_persistence,T038,True,True,T038,0.542217896691344,1.0,1.0,0.0,1.0,1.0,True,True,True
weight_persistence,T039,True,True,T039,0.5191502423802862,7.0,0.896551724137931,0.0,1.0,1.0,True,True,True
weight_persistence,T040,True,False,T040,0.4596922017154274,44.0,0.2586206896551724,0.0,1.0,0.0,True,True,False
weight_persistence,T041,True,False,T041,0.4533327145109024,51.0,0.13793103448275867,0.0,1.0,0.0,True,True,False
weight_persistence,T042,True,False,T042,0.5004620043788269,13.0,0.7931034482758621,0.0,1.0,0.0,True,True,False
weight_persistence,T043,True,False,T043,0.5111170521267147,9.0,0.8620689655172413,0.0,1.0,0.0,True,True,False
weight_persistence,T044,True,False,T044,0.4951222816428425,17.0,0.7241379310344828,0.0,1.0,0.0,True,True,False
weight_persistence,T045,True,False,T045,0.4572539540910512,48.0,0.18965517241379315,0.0,1.0,0.0,True,True,False
weight_persistence,T046,True,False,T046,0.5035040896965485,10.0,0.8448275862068966,0.0,1.0,0.0,True,True,False
weight_persistence,T047,True,False,T047,0.4967556205212072,15.0,0.7586206896551724,0.0,1.0,0.0,True,True,False
weight_persistence,T048,True,True,T048,0.5409875180855259,2.0,0.9827586206896551,0.0,1.0,1.0,True,True,True
weight_persistence,T049,True,False,T049,0.4585993455668438,45.0,0.24137931034482762,0.0,1.0,0.0,True,True,False
weight_persistence,T050,True,False,T050,0.4583003934537649,46.0,0.22413793103448276,0.0,1.0,0.0,True,True,False
weight_persistence,T051,True,False,T051,0.4830423552397711,21.0,0.6551724137931034,0.0,1.0,0.0,True,True,False
weight_persistence,T052,True,False,T052,0.461836962720894,42.0,0.2931034482758621,0.0,1.0,0.0,True,True,False
weight_persistence,T053,True,True,T053,0.5253559036344683,4.0,0.9482758620689655,0.0,1.0,1.0,True,True,True
weight_persistence,T054,True,False,T054,0.4813364298812001,24.0,0.603448275862069,0.0,1.0,0.0,True,True,False
weight_persistence,T055,True,False,T055,0.4534282399742408,50.0,0.15517241379310343,0.0,1.0,0.0,True,True,False
weight_persistence,T056,True,False,T056,0.4991942436400833,14.0,0.7758620689655172,0.0,1.0,0.0,True,True,False
weight_persistence,T057,True,False,T057,0.4791480605398835,25.0,0.5862068965517242,0.0,1.0,0.0,True,True,False
weight_persistence,T058,True,False,T058,0.4710228784127664,29.0,0.5172413793103448,0.0,1.0,0.0,True,True,False
weight_persistence,T059,True,False,T059,0.468286328201257,32.0,0.4655172413793104,0.0,1.0,0.0,True,True,False
distance_inverse_sqrt,T001,True,False,T001,0.4789180521322707,23.0,0.6206896551724138,0.0,1.0,0.0,True,True,False
distance_inverse_sqrt,T002,True,True,T002,0.5336376726413466,3.0,0.9655172413793104,0.0,1.0,1.0,True,True,True
distance_inverse_sqrt,T003,True,True,T003,0.525278656507395,5.0,0.9310344827586207,0.0,1.0,1.0,True,True,True
distance_inverse_sqrt,T004,True,False,T004,0.4432871888668601,56.0,0.051724137931034475,0.0,1.0,0.0,True,True,False
distance_inverse_sqrt,T005,True,False,T005,0.4632086960594038,34.0,0.43103448275862066,0.0,1.0,0.0,True,True,False
distance_inverse_sqrt,T006,True,False,T006,0.4574766835120588,40.0,0.3275862068965517,0.0,1.0,0.0,True,True,False
distance_inverse_sqrt,T007,True,False,T007,0.455902988577306,43.0,0.27586206896551724,0.0,1.0,0.0,True,True,False
distance_inverse_sqrt,T008,True,False,T008,0.4681529173726201,27.0,0.5517241379310345,0.0,1.0,0.0,True,True,False
distance_inverse_sqrt,T009,True,False,T009,0.4633115471803292,33.0,0.4482758620689655,0.0,1.0,0.0,True,True,False
distance_inverse_sqrt,T010,True,False,T010,0.4612395769571191,37.0,0.3793103448275862,0.0,1.0,0.0,True,True,False
distance_inverse_sqrt,T011,True,False,T011,0.4458234661357787,52.0,0.12068965517241381,0.0,1.0,0.0,True,True,False
distance_inverse_sqrt,T012,True,False,T012,0.4736910032618361,26.0,0.5689655172413793,0.0,1.0,0.0,True,True,False
distance_inverse_sqrt,T013,True,False,T013,0.4427230306401055,57.0,0.03448275862068961,0.0,1.0,0.0,True,True,False
distance_inverse_sqrt,T014,True,False,T014,0.4418139781065612,59.0,0.0,0.0,1.0,0.0,True,True,False
distance_inverse_sqrt,T015,True,True,T015,0.5037460287574079,11.0,0.8275862068965517,0.0,1.0,1.0,True,True,True
distance_inverse_sqrt,T016,True,False,T016,0.4589734315122343,39.0,0.3448275862068966,0.0,1.0,0.0,True,True,False
distance_inverse_sqrt,T017,True,False,T017,0.4625632816411688,35.0,0.4137931034482759,0.0,1.0,0.0,True,True,False
distance_inverse_sqrt,T018,True,False,T018,0.4657282132811886,31.0,0.48275862068965514,0.0,1.0,0.0,True,True,False
distance_inverse_sqrt,T019,True,False,T019,0.4436016010492565,55.0,0.06896551724137934,0.0,1.0,0.0,True,True,False
distance_inverse_sqrt,T020,True,False,T020,0.4827985199871031,20.0,0.6724137931034483,0.0,1.0,0.0,True,True,False
distance_inverse_sqrt,T021,True,False,T021,0.4658686808017543,30.0,0.5,0.0,1.0,0.0,True,True,False
distance_inverse_sqrt,T022,True,False,T022,0.4798604590978697,22.0,0.6379310344827587,0.0,1.0,0.0,True,True,False
distance_inverse_sqrt,T023,True,False,T023,0.4424231979556421,58.0,0.017241379310344862,0.0,1.0,0.0,True,True,False
distance_inverse_sqrt,T024,True,False,T024,0.4518010785681904,47.0,0.2068965517241379,0.0,1.0,0.0,True,True,False
distance_inverse_sqrt,T025,True,False,T025,0.4594601962324539,38.0,0.3620689655172413,0.0,1.0,0.0,True,True,False
distance_inverse_sqrt,T026,True,False,T026,0.5027474176366757,12.0,0.8103448275862069,0.0,1.0,0.0,True,True,False
distance_inverse_sqrt,T027,True,False,T027,0.4930666229418441,18.0,0.7068965517241379,0.0,1.0,0.0,True,True,False
distance_inverse_sqrt,T028,True,False,T028,0.4455609686204954,53.0,0.10344827586206895,0.0,1.0,0.0,True,True,False
distance_inverse_sqrt,T029,True,False,T029,0.4668070517050862,28.0,0.5344827586206897,0.0,1.0,0.0,True,True,False
distance_inverse_sqrt,T030,True,False,T030,0.49041634755129,19.0,0.6896551724137931,0.0,1.0,0.0,True,True,False
distance_inverse_sqrt,T031,True,False,T031,0.4617275621674358,36.0,0.39655172413793105,0.0,1.0,0.0,True,True,False
distance_inverse_sqrt,T032,True,True,T032,0.523047070693196,6.0,0.9137931034482758,0.0,1.0,1.0,True,True,True
distance_inverse_sqrt,T033,True,False,T033,0.4954884030531506,16.0,0.7413793103448276,0.0,1.0,0.0,True,True,False
distance_inverse_sqrt,T034,True,False,T034,0.4571227516712922,41.0,0.31034482758620685,0.0,1.0,0.0,True,True,False
distance_inverse_sqrt,T035,True,False,T035,0.4453035327505574,54.0,0.08620689655172409,0.0,1.0,0.0,True,True,False
distance_inverse_sqrt,T036,True,True,T036,0.5142927313421091,8.0,0.8793103448275862,0.0,1.0,1.0,True,True,True
distance_inverse_sqrt,T037,True,False,T037,0.4480929144765567,49.0,0.1724137931034483,0.0,1.0,0.0,True,True,False
distance_inverse_sqrt,T038,True,True,T038,0.5487231688905508,1.0,1.0,0.0,1.0,1.0,True,True,True
distance_inverse_sqrt,T039,True,True,T039,0.5220879242075737,7.0,0.896551724137931,0.0,1.0,1.0,True,True,True
distance_inverse_sqrt,T040,True,False,T040,0.4534773870863135,44.0,0.2586206896551724,0.0,1.0,0.0,True,True,False
distance_inverse_sqrt,T041,True,False,T041,0.4461380044690467,51.0,0.13793103448275867,0.0,1.0,0.0,True,True,False
distance_inverse_sqrt,T042,True,False,T042,0.5005209258210822,13.0,0.7931034482758621,0.0,1.0,0.0,True,True,False
distance_inverse_sqrt,T043,True,False,T043,0.5128318074775471,9.0,0.8620689655172413,0.0,1.0,0.0,True,True,False
distance_inverse_sqrt,T044,True,False,T044,0.4943736548673419,17.0,0.7241379310344828,0.0,1.0,0.0,True,True,False
distance_inverse_sqrt,T045,True,False,T045,0.4506870941226519,48.0,0.18965517241379315,0.0,1.0,0.0,True,True,False
distance_inverse_sqrt,T046,True,False,T046,0.5040431804190943,10.0,0.8448275862068966,0.0,1.0,0.0,True,True,False
distance_inverse_sqrt,T047,True,False,T047,0.4962527033020481,15.0,0.7586206896551724,0.0,1.0,0.0,True,True,False
distance_inverse_sqrt,T048,True,True,T048,0.5472847807905425,2.0,0.9827586206896551,0.0,1.0,1.0,True,True,True
distance_inverse_sqrt,T049,True,False,T049,0.4522262322008596,45.0,0.24137931034482762,0.0,1.0,0.0,True,True,False
distance_inverse_sqrt,T050,True,False,T050,0.4518748581999595,46.0,0.22413793103448276,0.0,1.0,0.0,True,True,False
distance_inverse_sqrt,T051,True,False,T051,0.4804398687962264,21.0,0.6551724137931034,0.0,1.0,0.0,True,True,False
distance_inverse_sqrt,T052,True,False,T052,0.4559691299396727,42.0,0.2931034482758621,0.0,1.0,0.0,True,True,False
distance_inverse_sqrt,T053,True,True,T053,0.5292721286405789,4.0,0.9482758620689655,0.0,1.0,1.0,True,True,True
distance_inverse_sqrt,T054,True,False,T054,0.4784693660554553,24.0,0.603448275862069,0.0,1.0,0.0,True,True,False
distance_inverse_sqrt,T055,True,False,T055,0.4462527171812554,50.0,0.15517241379310343,0.0,1.0,0.0,True,True,False
distance_inverse_sqrt,T056,True,False,T056,0.4990810297229304,14.0,0.7758620689655172,0.0,1.0,0.0,True,True,False
distance_inverse_sqrt,T057,True,False,T057,0.4759376386228142,25.0,0.5862068965517242,0.0,1.0,0.0,True,True,False
distance_inverse_sqrt,T058,True,False,T058,0.4665648597070382,29.0,0.5172413793103448,0.0,1.0,0.0,True,True,False
distance_inverse_sqrt,T059,True,False,T059,0.4634024393088863,32.0,0.4655172413793104,0.0,1.0,0.0,True,True,False
distance_neglog,T001,True,False,T001,0.4859041955500091,21.0,0.6491228070175439,670.8203932516029,0.8333333333333334,0.0,True,True,False
distance_neglog,T002,False,False,,,,,,0.0,0.0,False,False,False
distance_neglog,T003,True,False,T002,0.51751237296253,9.0,0.8596491228070176,1403.566884759962,1.0,0.0,True,True,False
distance_neglog,T004,True,False,T003,0.4446388304317955,56.0,0.03508771929824561,400.0,0.9,0.0,True,True,False
distance_neglog,T005,True,False,T004,0.461798753970227,38.0,0.3508771929824561,300.0000000009313,0.9,0.0,True,True,False
distance_neglog,T006,True,False,T005,0.4555365612558765,42.0,0.2807017543859649,0.0,1.0,0.0,True,True,False
distance_neglog,T007,True,False,T006,0.4539288290885591,43.0,0.26315789473684215,0.0,1.0,0.0,True,True,False
distance_neglog,T008,True,False,T007,0.4665133547304284,32.0,0.45614035087719296,872.0796747890288,1.0,0.0,True,True,False
distance_neglog,T009,True,False,T008,0.4493862361832997,50.0,0.14035087719298245,7221.867618613569,0.95,0.0,True,True,False
distance_neglog,T010,False,False,,,,,,1.0,0.0,True,True,False
distance_neglog,T011,True,False,T010,0.4467749717792675,54.0,0.07017543859649122,584.8195353172039,0.8888888888888888,0.0,True,True,False
distance_neglog,T012,True,False,T009,0.474644906816453,28.0,0.5263157894736843,3339.1955254744275,0.9285714285714286,0.0,True,True,False
distance_neglog,T013,True,False,T011,0.4657350476201946,33.0,0.4385964912280702,7062.744009320133,0.7777777777777778,0.0,True,True,False
distance_neglog,T014,True,False,T012,0.4404524888039771,58.0,0.0,0.0,1.0,0.0,True,True,False
distance_neglog,T015,True,True,T014,0.4979836667505802,13.0,0.7894736842105263,3087.2722588048923,1.0,0.8333333333333334,True,True,True
distance_neglog,T016,True,False,T013,0.4594412903517222,39.0,0.33333333333333337,655.680833468126,1.0,0.0,True,True,False
distance_neglog,T017,True,False,T017,0.4508369029687305,48.0,0.17543859649122806,6029.9253726726265,1.0,0.0,True,True,False
distance_neglog,T018,True,False,T015,0.4829418520599915,23.0,0.6140350877192983,2580.341695459867,1.0,0.0,True,True,False
distance_neglog,T019,True,False,T016,0.4476043734039878,52.0,0.10526315789473684,5220.153254451974,1.0,0.0,True,True,False
distance_neglog,T020,False,False,,,,,,0.8666666666666667,0.4,True,True,True
distance_neglog,T021,True,False,T020,0.4647862968061999,35.0,0.4035087719298246,0.0,1.0,0.0,True,True,False
distance_neglog,T022,True,False,T018,0.4759537047240914,26.0,0.5614035087719298,3007.958194522567,1.0,0.0,True,True,False
distance_neglog,T023,False,False,,,,,,1.0,0.0,True,True,False
distance_neglog,T024,True,False,T021,0.4866299042735114,19.0,0.6842105263157895,6373.774391994744,1.0,0.0,True,True,False
distance_neglog,T025,True,False,T022,0.4705584072974182,29.0,0.5087719298245614,3557.562367689721,1.0,0.0,True,True,False
distance_neglog,T026,True,False,T019,0.48602506013227,20.0,0.6666666666666667,3795.028822988249,1.0,0.15789473684210525,True,True,False
distance_neglog,T027,True,False,T029,0.4885083719765283,18.0,0.7017543859649122,6015.720147155183,1.0,0.0,True,True,False
distance_neglog,T028,True,False,T024,0.4474776797683288,53.0,0.08771929824561409,2460.1829200290767,1.0,0.0,True,True,False
distance_neglog,T029,True,False,T023,0.4505957494585184,49.0,0.1578947368421053,3188.1610659678736,0.8888888888888888,0.1111111111111111,True,True,False
distance_neglog,T030,True,False,T025,0.4964151022140266,14.0,0.7719298245614035,4197.883064381269,1.0,0.2,True,True,False
distance_neglog,T031,True,False,T028,0.4855823514688824,22.0,0.631578947368421,4011.2342240263856,1.0,0.0,True,True,False
distance_neglog,T032,True,False,T034,0.492301071594735,17.0,0.7192982456140351,6227.180564088738,1.0,0.375,True,True,True
distance_neglog,T033,True,False,T026,0.4814809147068839,24.0,0.5964912280701755,6781.044313631944,1.0,0.0,True,True,False
distance_neglog,T034,True,False,T032,0.4520487121508749,44.0,0.24561403508771928,3253.183903913586,1.0,0.0,True,True,False
distance_neglog,T035,True,False,T031,0.4461487906925783,55.0,0.052631578947368474,0.0,1.0,0.0,True,True,False
distance_neglog,T036,True,True,T027,0.549760274511183,1.0,1.0,6228.964600961725,1.0,0.4,True,True,True
distance_neglog,T037,True,False,T033,0.4639123141859465,36.0,0.38596491228070173,1629.8006013006623,1.0,0.0,True,True,False
distance_neglog,T038,True,True,T030,0.5346959616497481,3.0,0.9649122807017544,5075.67729470747,1.0,0.8,True,True,True
distance_neglog,T039,True,True,T037,0.5195351317652286,8.0,0.8771929824561404,0.0,1.0,1.0,True,True,True
distance_neglog,T040,True,False,T036,0.4516004349927333,46.0,0.21052631578947367,2766.315238728314,1.0,0.0,True,True,False
distance_neglog,T041,False,False,,,,,,0.8888888888888888,0.0,True,True,False
distance_neglog,T042,True,True,T038,0.5200614008393215,7.0,0.8947368421052632,2955.931045316991,1.0,0.6428571428571429,True,True,True
distance_neglog,T043,True,True,T042,0.5267468856799774,4.0,0.9473684210526316,4231.989526179442,1.0,0.391304347826087,True,True,True
distance_neglog,T044,True,False,T039,0.4932181803934383,16.0,0.736842105263158,0.0,1.0,0.0,True,True,False
distance_neglog,T045,True,False,T041,0.4511791576142063,47.0,0.19298245614035092,883.5297434922425,0.9444444444444444,0.0,True,True,False
distance_neglog,T046,True,False,T044,0.4933861360037353,15.0,0.7543859649122807,3220.636583038017,1.0,0.15,True,True,False
distance_neglog,T047,True,False,T046,0.4681285158736498,31.0,0.4736842105263158,4312.058989446927,1.0,0.5,True,True,True
distance_neglog,T048,True,True,T045,0.544646895266786,2.0,0.9824561403508771,0.0,1.0,1.0,True,True,True
distance_neglog,T049,True,False,T043,0.4485625734876989,51.0,0.1228070175438597,3229.583750721319,1.0,0.1111111111111111,True,True,False
distance_neglog,T050,True,False,T047,0.4696357493831827,30.0,0.49122807017543857,3181.9805153397274,1.0,0.0,True,True,False
distance_neglog,T051,True,False,T048,0.4996618918414081,12.0,0.8070175438596492,2444.9561654327276,1.0,0.0,True,True,False
distance_neglog,T052,True,False,T049,0.4563706356034726,40.0,0.3157894736842105,961.4803401230416,1.0,0.0,True,True,False
distance_neglog,T053,True,True,T051,0.5210102166247331,6.0,0.9122807017543859,3337.6638536523233,1.0,0.45,True,True,True
distance_neglog,T054,True,False,T053,0.4747150465076277,27.0,0.543859649122807,2207.0908454349574,1.0,0.0,True,True,False
distance_neglog,T055,True,False,T054,0.4417625277158581,57.0,0.01754385964912286,2651.650429449553,1.0,0.0,True,True,False
distance_neglog,T056,True,False,T052,0.5007114053193555,11.0,0.8245614035087719,4791.521144966982,1.0,0.05263157894736842,True,True,False
distance_neglog,T057,True,False,T055,0.4559744935762579,41.0,0.29824561403508776,3242.731275089999,1.0,0.0,True,True,False
distance_neglog,T058,True,False,T057,0.45171351871157,45.0,0.22807017543859653,4391.437375416051,0.9166666666666666,0.0,True,True,False
distance_neglog,T059,True,False,T056,0.4811543652592628,25.0,0.5789473684210527,4326.119060134828,1.0,0.0,True,True,False
